x-axis,1,2
second,Volt,Volt
-75.000E-06,-7.281275E-03,-16.788812E-03
-73.550E-06,+3.954906E-03,+65.459E-06
-72.100E-06,-14.195848E-03,-21.110420E-03
-70.650E-06,-2.959667E-03,-15.924491E-03
-69.200E-06,-12.035044E-03,-16.788812E-03
-67.750E-06,-12.467204E-03,-9.874240E-03
-66.300E-06,-9.874240E-03,-16.788812E-03
-64.850E-06,-23.703385E-03,-16.788812E-03
-63.400E-06,-28.024993E-03,-37.532531E-03
-61.950E-06,-20.678260E-03,-9.874240E-03
-60.500E-06,-10.738561E-03,-3.823988E-03
-59.050E-06,-15.924491E-03,-9.009918E-03
-57.600E-06,-2.959667E-03,-7.281275E-03
-56.150E-06,+3.954906E-03,-5.552632E-03
-54.700E-06,+3.954906E-03,-2.959667E-03
-53.250E-06,-9.874240E-03,-9.874240E-03
-51.800E-06,-16.788812E-03,-18.949616E-03
-50.350E-06,-12.467204E-03,-12.467204E-03
-48.900E-06,-9.874240E-03,-10.738561E-03
-47.450E-06,-15.924491E-03,-16.788812E-03
-46.000E-06,-18.949616E-03,-366.702E-06
-44.550E-06,-9.874240E-03,-5.552632E-03
-43.100E-06,-3.823988E-03,+3.090584E-03
-41.650E-06,+3.522745E-03,-10.306400E-03
-40.200E-06,-12.035044E-03,-21.110420E-03
-38.750E-06,-16.788812E-03,-12.467204E-03
-37.300E-06,-2.959667E-03,-2.959667E-03
-35.850E-06,+3.954906E-03,-9.009918E-03
-34.400E-06,+1.794102E-03,+6.547871E-03
-32.950E-06,-9.874240E-03,-12.467204E-03
-31.500E-06,-30.617958E-03,-9.874240E-03
-30.050E-06,-15.924491E-03,-2.959667E-03
-28.600E-06,-16.788812E-03,-9.874240E-03
-27.150E-06,-8.577757E-03,-9.874240E-03
-25.700E-06,-9.874240E-03,-15.492330E-03
-24.250E-06,-29.753636E-03,-17.220973E-03
-22.800E-06,-9.874240E-03,-2.959667E-03
-21.350E-06,-20.678260E-03,-12.467204E-03
-19.900E-06,-23.703385E-03,+3.090584E-03
-18.450E-06,+3.090584E-03,-2.095345E-03
-17.000E-06,-5.120471E-03,-9.874240E-03
-15.550E-06,-2.959667E-03,-9.874240E-03
-14.100E-06,-16.788812E-03,-3.823988E-03
-12.650E-06,-9.874240E-03,+3.522745E-03
-11.200E-06,-2.959667E-03,-7.281275E-03
-9.750E-06,-12.467204E-03,-16.788812E-03
-8.300E-06,-22.406903E-03,-9.874240E-03
-6.850E-06,-9.009918E-03,-15.924491E-03
-5.400E-06,-18.949616E-03,-2.959667E-03
-3.950E-06,-9.874240E-03,+1.361941E-03
-2.500E-06,-10.738561E-03,-3.823988E-03
-1.050E-06,-2.959667E-03,-9.009918E-03
+400E-09,-9.874240E-03,-366.702E-06
+1.850E-06,-798.863E-06,-3.823988E-03
+3.300E-06,+3.954906E-03,-2.959667E-03
+4.750E-06,+4.819228E-03,+3.522745E-03
+6.200E-06,+3.954906E-03,-366.702E-06
+7.650E-06,+3.954906E-03,+65.459E-06
+9.100E-06,-1.663184E-03,-1.663184E-03
+10.550E-06,+3.954906E-03,-2.959667E-03
+12.000E-06,-366.702E-06,-366.702E-06
+13.450E-06,+3.954906E-03,+65.459E-06
+14.900E-06,+3.954906E-03,+3.954906E-03
+16.350E-06,+3.954906E-03,-2.959667E-03
+17.800E-06,+3.954906E-03,-366.702E-06
+19.250E-06,+1.361941E-03,+65.459E-06
+20.700E-06,+3.954906E-03,-2.959667E-03
+22.150E-06,+3.522745E-03,+3.522745E-03
+23.600E-06,+3.954906E-03,+3.954906E-03
+25.050E-06,+3.954906E-03,-2.959667E-03
+26.500E-06,+3.954906E-03,-1.663184E-03
+27.950E-06,+3.522745E-03,-2.959667E-03
+29.400E-06,-366.702E-06,-366.702E-06
+30.850E-06,-6.849114E-03,+3.954906E-03
+32.300E-06,+274.919727E-03,-79.019967E-03
+33.750E-06,+812.095601E-03,+157.371990E-03
+35.200E-06,+803.452385E-03,+200.155909E-03
+36.650E-06,+787.894596E-03,+204.477517E-03
+38.100E-06,+758.507662E-03,+198.859427E-03
+39.550E-06,+742.949873E-03,+218.306663E-03
+41.000E-06,+711.402135E-03,+186.326763E-03
+42.450E-06,+684.176004E-03,+197.562944E-03
+43.900E-06,+653.924748E-03,+204.477517E-03
+45.350E-06,+633.181030E-03,+183.733799E-03
+46.800E-06,+593.854397E-03,+183.733799E-03
+48.250E-06,+580.457412E-03,+179.844351E-03
+49.700E-06,+550.206156E-03,+169.904653E-03
+51.150E-06,+515.633292E-03,+163.854402E-03
+52.600E-06,+494.889574E-03,+158.668472E-03
+54.050E-06,+470.256409E-03,+162.990080E-03
+55.500E-06,+440.869474E-03,+149.160935E-03
+56.950E-06,+411.482540E-03,+148.728774E-03
+58.400E-06,+382.095605E-03,+149.160935E-03
+59.850E-06,+359.623244E-03,+145.271487E-03
+61.300E-06,+334.990078E-03,+117.181035E-03
+62.750E-06,+315.110682E-03,+121.070483E-03
+64.200E-06,+287.452390E-03,+100.758925E-03
+65.650E-06,+259.794099E-03,+93.844352E-03
+67.100E-06,+245.964954E-03,+93.844352E-03
+68.550E-06,+224.789075E-03,+93.412191E-03
+70.000E-06,+211.392090E-03,+73.100634E-03
+71.450E-06,+196.698623E-03,+65.321740E-03
+72.900E-06,+175.954904E-03,+39.824252E-03
+74.350E-06,+149.160935E-03,+58.839328E-03
+75.800E-06,+126.256412E-03,+41.120735E-03
+77.250E-06,+107.673498E-03,+34.638323E-03
+78.700E-06,+99.894603E-03,+23.834303E-03
+80.150E-06,+80.015207E-03,+10.869479E-03
+81.600E-06,+68.779026E-03,+1.794102E-03
+83.050E-06,+41.552896E-03,-13.763687E-03
+84.500E-06,+24.698624E-03,-3.823988E-03
+85.950E-06,+10.869479E-03,-23.703385E-03
+87.400E-06,+15.623248E-03,-30.617958E-03
+88.850E-06,-9.874240E-03,-37.532531E-03
+90.300E-06,-10.738561E-03,-43.150621E-03
+91.750E-06,-22.839064E-03,-65.190822E-03
+93.200E-06,-32.778762E-03,-67.351626E-03
+94.650E-06,-23.703385E-03,-74.698359E-03
+96.100E-06,-23.703385E-03,-79.019967E-03
+97.550E-06,-44.879264E-03,-79.452128E-03
+99.000E-06,-46.607908E-03,-101.924490E-03
+100.450E-06,-50.065194E-03,-98.467203E-03
+101.900E-06,+497.620E-06,-23.703385E-03
+103.350E-06,-9.874240E-03,-3.391828E-03
+104.800E-06,+3.954906E-03,-2.959667E-03
+106.250E-06,+1.361941E-03,+3.954906E-03
+107.700E-06,+5.251388E-03,+3.954906E-03
+109.150E-06,-2.095345E-03,-2.095345E-03
+110.600E-06,-366.702E-06,+3.954906E-03
+112.050E-06,+3.954906E-03,+1.361941E-03
+113.500E-06,+3.954906E-03,+3.954906E-03
+114.950E-06,+3.954906E-03,-2.095345E-03
+116.400E-06,+3.954906E-03,-2.959667E-03
+117.850E-06,+65.459E-06,-1.663184E-03
+119.300E-06,+3.954906E-03,-1.663184E-03
+120.750E-06,+3.954906E-03,+3.954906E-03
+122.200E-06,+3.954906E-03,-2.959667E-03
+123.650E-06,+3.954906E-03,-2.959667E-03
+125.100E-06,+3.954906E-03,-1.663184E-03
+126.550E-06,+3.522745E-03,-2.959667E-03
+128.000E-06,+3.954906E-03,+3.954906E-03
+129.450E-06,+65.459E-06,-2.959667E-03
+130.900E-06,-1.663184E-03,-2.959667E-03
+132.350E-06,+3.954906E-03,-2.095345E-03
+133.800E-06,+6.547871E-03,-7.281275E-03
+135.250E-06,+46.738825E-03,-23.703385E-03
+136.700E-06,+84.768976E-03,-23.703385E-03
+138.150E-06,+115.452392E-03,-23.703385E-03
+139.600E-06,+144.839327E-03,-51.361676E-03
+141.050E-06,+162.990080E-03,-58.276249E-03
+142.500E-06,+171.201135E-03,-72.969716E-03
+143.950E-06,+190.648371E-03,-92.849113E-03
+145.400E-06,+202.316713E-03,-92.849113E-03
+146.850E-06,+233.432290E-03,-102.356651E-03
+148.300E-06,+273.623245E-03,-112.296349E-03
+149.750E-06,+307.331787E-03,-114.024992E-03
+151.200E-06,+310.789074E-03,-134.336550E-03
+152.650E-06,+349.683546E-03,-120.507404E-03
+154.100E-06,+378.638319E-03,-131.743585E-03
+155.550E-06,+404.567967E-03,-141.251123E-03
+157.000E-06,+437.412188E-03,-152.487303E-03
+158.450E-06,+474.145856E-03,-158.969715E-03
+159.900E-06,+493.593092E-03,-161.994841E-03
+161.350E-06,+522.547865E-03,-168.909414E-03
+162.800E-06,+529.462438E-03,-175.823987E-03
+164.250E-06,+561.010176E-03,-178.416951E-03
+165.700E-06,+609.844347E-03,-182.738559E-03
+167.150E-06,+633.613191E-03,-182.738559E-03
+168.600E-06,+665.160929E-03,-168.909414E-03
+170.050E-06,+667.753894E-03,-168.909414E-03
+171.500E-06,+720.477511E-03,-175.823987E-03
+172.950E-06,+737.763943E-03,-175.823987E-03
+174.400E-06,+778.387059E-03,-161.994841E-03
+175.850E-06,+803.020224E-03,-175.823987E-03
+177.300E-06,+812.959922E-03,-161.994841E-03
+178.750E-06,+839.753892E-03,-154.215947E-03
+180.200E-06,+861.361932E-03,-155.080268E-03
+181.650E-06,+892.909670E-03,-148.165695E-03
+183.100E-06,+915.382032E-03,-153.783786E-03
+184.550E-06,+930.507660E-03,-127.854138E-03
+186.000E-06,+939.583037E-03,-124.829012E-03
+187.450E-06,+968.969971E-03,-116.185796E-03
+188.900E-06,+999.653388E-03,-113.592831E-03
+190.350E-06,+1.000517709E+00,-112.296349E-03
+191.800E-06,+1.027311679E+00,-79.019967E-03
+193.250E-06,+1.045030272E+00,-74.698359E-03
+194.700E-06,+1.038547860E+00,-72.969716E-03
+196.150E-06,+1.048055397E+00,-50.497355E-03
+197.600E-06,+1.066206151E+00,-51.361676E-03
+199.050E-06,+1.078306653E+00,-19.381777E-03
+200.500E-06,+1.081331779E+00,-17.653134E-03
+201.950E-06,+1.102507658E+00,-15.924491E-03
+203.400E-06,+1.098618211E+00,-5.120471E-03
+204.850E-06,+1.107261427E+00,+6.980032E-03
+206.300E-06,+1.103371980E+00,+24.698624E-03
+207.750E-06,+1.103804140E+00,+32.477519E-03
+209.200E-06,+1.100779015E+00,+54.949880E-03
+210.650E-06,+1.100346854E+00,+63.593096E-03
+212.100E-06,+1.096457407E+00,+72.236312E-03
+213.550E-06,+1.088678512E+00,+93.844352E-03
+215.000E-06,+1.077874493E+00,+86.929779E-03
+216.450E-06,+1.082628261E+00,+107.673498E-03
+217.900E-06,+1.080035297E+00,+106.809176E-03
+219.350E-06,+1.054105649E+00,+114.588071E-03
+220.800E-06,+1.052377005E+00,+135.331789E-03
+222.250E-06,+1.022990071E+00,+142.246362E-03
+223.700E-06,+1.013482533E+00,+142.246362E-03
+225.150E-06,+1.005703639E+00,+156.075507E-03
+226.600E-06,+965.080524E-03,+158.668472E-03
+228.050E-06,+953.844343E-03,+176.819226E-03
+229.500E-06,+944.336805E-03,+189.784050E-03
+230.950E-06,+922.728766E-03,+184.598120E-03
+232.400E-06,+893.341831E-03,+200.155909E-03
+233.850E-06,+868.276505E-03,+197.562944E-03
+235.300E-06,+854.447359E-03,+197.562944E-03
+236.750E-06,+827.221229E-03,+197.562944E-03
+238.200E-06,+799.130777E-03,+204.477517E-03
+239.650E-06,+780.980023E-03,+201.884552E-03
+241.100E-06,+764.557913E-03,+211.392090E-03
+242.550E-06,+729.120727E-03,+205.773999E-03
+244.000E-06,+695.412185E-03,+204.477517E-03
+245.450E-06,+674.668467E-03,+201.884552E-03
+246.900E-06,+659.542839E-03,+210.527768E-03
+248.350E-06,+618.487563E-03,+211.392090E-03
+249.800E-06,+591.693593E-03,+193.241336E-03
+251.250E-06,+573.542840E-03,+201.884552E-03
+252.700E-06,+543.291584E-03,+196.698623E-03
+254.150E-06,+509.150881E-03,+183.733799E-03
+255.600E-06,+485.814197E-03,+176.819226E-03
+257.050E-06,+467.231283E-03,+172.929779E-03
+258.500E-06,+433.954901E-03,+174.658422E-03
+259.950E-06,+411.914701E-03,+156.075507E-03
+261.400E-06,+375.181033E-03,+151.753899E-03
+262.850E-06,+356.598118E-03,+138.356915E-03
+264.300E-06,+344.065455E-03,+142.246362E-03
+265.750E-06,+315.110682E-03,+128.417216E-03
+267.200E-06,+292.206159E-03,+121.502643E-03
+268.650E-06,+269.733798E-03,+103.784051E-03
+270.100E-06,+248.557918E-03,+102.055407E-03
+271.550E-06,+218.306663E-03,+87.794101E-03
+273.000E-06,+190.648371E-03,+86.929779E-03
+274.450E-06,+176.819226E-03,+76.125760E-03
+275.900E-06,+169.904653E-03,+66.186061E-03
+277.350E-06,+156.939829E-03,+52.356916E-03
+278.800E-06,+119.341839E-03,+31.613197E-03
+280.250E-06,+100.758925E-03,+31.613197E-03
+281.700E-06,+96.437317E-03,+24.698624E-03
+283.150E-06,+66.186061E-03,+31.181036E-03
+284.600E-06,+61.864453E-03,+10.869479E-03
+286.050E-06,+59.271488E-03,-6.849114E-03
+287.500E-06,+34.206162E-03,-16.788812E-03
+288.950E-06,+24.698624E-03,-23.703385E-03
+290.400E-06,+22.537820E-03,-41.854139E-03
+291.850E-06,+3.954906E-03,-44.447104E-03
+293.300E-06,-9.874240E-03,-52.225998E-03
+294.750E-06,-9.874240E-03,-63.894339E-03
+296.200E-06,-16.788812E-03,-58.276249E-03
+297.650E-06,-30.617958E-03,-63.894339E-03
+299.100E-06,-37.532531E-03,-83.341575E-03
+300.550E-06,-36.668209E-03,-85.070219E-03
+302.000E-06,-41.854139E-03,-92.849113E-03
+303.450E-06,-44.447104E-03,-99.763686E-03
+304.900E-06,-56.979767E-03,-106.678259E-03
+306.350E-06,-64.326500E-03,-112.728510E-03
+307.800E-06,-65.190822E-03,-127.421977E-03
+309.250E-06,-65.190822E-03,-127.421977E-03
+310.700E-06,-51.361676E-03,-120.507404E-03
+312.150E-06,-51.793837E-03,-127.854138E-03
+313.600E-06,-67.351626E-03,-134.336550E-03
+315.050E-06,-69.080269E-03,-136.929515E-03
+316.500E-06,-79.019967E-03,-134.336550E-03
+317.950E-06,-65.190822E-03,-134.336550E-03
+319.400E-06,-53.522480E-03,-143.411927E-03
+320.850E-06,-65.190822E-03,-141.251123E-03
+322.300E-06,-72.105395E-03,-148.165695E-03
+323.750E-06,-58.708410E-03,-147.301374E-03
+325.200E-06,-55.683284E-03,-148.165695E-03
+326.650E-06,-58.276249E-03,-134.336550E-03
+328.100E-06,-51.361676E-03,-139.954640E-03
+329.550E-06,-52.225998E-03,-134.336550E-03
+331.000E-06,-62.597857E-03,-131.743585E-03
+332.450E-06,-50.065194E-03,-113.592831E-03
+333.900E-06,-56.979767E-03,-124.829012E-03
+335.350E-06,-44.447104E-03,-113.592831E-03
+336.800E-06,-30.617958E-03,-115.753635E-03
+338.250E-06,-40.125496E-03,-106.678259E-03
+339.700E-06,-31.482280E-03,-114.457153E-03
+341.150E-06,-36.668209E-03,-112.728510E-03
+342.600E-06,-18.949616E-03,-99.763686E-03
+344.050E-06,-23.703385E-03,-113.592831E-03
+345.500E-06,-30.617958E-03,-92.849113E-03
+346.950E-06,-30.617958E-03,-85.934540E-03
+348.400E-06,-23.703385E-03,-88.095344E-03
+349.850E-06,-27.592832E-03,-67.783787E-03
+351.300E-06,-29.321476E-03,-72.969716E-03
+352.750E-06,-23.703385E-03,-70.808912E-03
+354.200E-06,-30.617958E-03,-53.522480E-03
+355.650E-06,-19.381777E-03,-55.251124E-03
+357.100E-06,-17.653134E-03,-44.447104E-03
+358.550E-06,-30.617958E-03,-30.617958E-03
+360.000E-06,-16.788812E-03,-44.447104E-03
+361.450E-06,-23.703385E-03,-27.592832E-03
+362.900E-06,-23.703385E-03,-16.788812E-03
+364.350E-06,-22.839064E-03,-15.924491E-03
+365.800E-06,-18.949616E-03,-2.959667E-03
+367.250E-06,-20.678260E-03,-2.959667E-03
+368.700E-06,-22.406903E-03,+10.869479E-03
+370.150E-06,-24.135546E-03,+11.733800E-03
+371.600E-06,-16.788812E-03,+6.547871E-03
+373.050E-06,-34.507405E-03,+10.869479E-03
+374.500E-06,-17.653134E-03,+29.452393E-03
+375.950E-06,-30.617958E-03,+25.562946E-03
+377.400E-06,-28.024993E-03,+38.527770E-03
+378.850E-06,-23.703385E-03,+31.613197E-03
+380.300E-06,-43.150621E-03,+31.613197E-03
+381.750E-06,-37.532531E-03,+32.477519E-03
+383.200E-06,-41.854139E-03,+48.035308E-03
+384.650E-06,-33.210923E-03,+45.442343E-03
+386.100E-06,-37.532531E-03,+52.356916E-03
+387.550E-06,-44.879264E-03,+52.356916E-03
+389.000E-06,-37.532531E-03,+54.949880E-03
+390.450E-06,-44.447104E-03,+55.382041E-03
+391.900E-06,-36.236048E-03,+53.653398E-03
+393.350E-06,-36.668209E-03,+45.442343E-03
+394.800E-06,-30.617958E-03,+52.356916E-03
+396.250E-06,-47.040068E-03,+52.356916E-03
+397.700E-06,-58.276249E-03,+46.738825E-03
+399.150E-06,-58.276249E-03,+58.839328E-03
+400.600E-06,-44.447104E-03,+61.864453E-03
+402.050E-06,-44.447104E-03,+55.382041E-03
+403.500E-06,-63.894339E-03,+48.035308E-03
+404.950E-06,-51.793837E-03,+51.924755E-03
+406.400E-06,-37.532531E-03,+54.949880E-03
+407.850E-06,-41.421978E-03,+52.356916E-03
+409.300E-06,-37.532531E-03,+38.527770E-03
+410.750E-06,-51.361676E-03,+52.356916E-03
+412.200E-06,-34.939566E-03,+43.281539E-03
+413.650E-06,-27.592832E-03,+38.527770E-03
+415.100E-06,-51.361676E-03,+39.824252E-03
+416.550E-06,-30.617958E-03,+38.527770E-03
+418.000E-06,-32.778762E-03,+36.366966E-03
+419.450E-06,-34.507405E-03,+35.934805E-03
+420.900E-06,-30.617958E-03,+37.663448E-03
+422.350E-06,-23.703385E-03,+19.080534E-03
+423.800E-06,-25.864189E-03,+24.698624E-03
+425.250E-06,-31.482280E-03,+6.980032E-03
+426.700E-06,-24.567707E-03,+3.090584E-03
+428.150E-06,-16.788812E-03,-2.959667E-03
+429.600E-06,-12.035044E-03,+3.954906E-03
+431.050E-06,-16.788812E-03,+65.459E-06
+432.500E-06,+3.954906E-03,+3.954906E-03
+433.950E-06,-2.959667E-03,-16.788812E-03
+435.400E-06,-2.959667E-03,-5.120471E-03
+436.850E-06,-13.763687E-03,-13.763687E-03
+438.300E-06,+3.090584E-03,-16.788812E-03
+439.750E-06,+3.954906E-03,-9.009918E-03
+441.200E-06,+10.869479E-03,-9.874240E-03
+442.650E-06,+8.276514E-03,-23.703385E-03
+444.100E-06,+10.869479E-03,-22.406903E-03
+445.550E-06,+11.733800E-03,-22.839064E-03
+447.000E-06,+17.784052E-03,-23.703385E-03
+448.450E-06,+24.698624E-03,-12.467204E-03
+449.900E-06,+10.005157E-03,-17.653134E-03
+451.350E-06,+24.266464E-03,-22.839064E-03
+452.800E-06,+15.623248E-03,-46.607908E-03
+454.250E-06,+24.698624E-03,-27.592832E-03
+455.700E-06,+17.784052E-03,-15.492330E-03
+457.150E-06,+38.527770E-03,-29.753636E-03
+458.600E-06,+17.784052E-03,-28.024993E-03
+460.050E-06,+13.894604E-03,-34.507405E-03
+461.500E-06,+30.748876E-03,-30.617958E-03
+462.950E-06,+18.648373E-03,-23.703385E-03
+464.400E-06,+38.527770E-03,-2.959667E-03
+465.850E-06,+29.020232E-03,-23.703385E-03
+467.300E-06,+25.995107E-03,-30.617958E-03
+468.750E-06,+31.613197E-03,-23.703385E-03
+470.200E-06,+24.698624E-03,-18.949616E-03
+471.650E-06,+17.784052E-03,-16.788812E-03
+473.100E-06,+17.784052E-03,-17.653134E-03
+474.550E-06,+31.181036E-03,-10.306400E-03
+476.000E-06,+29.452393E-03,-18.949616E-03
+477.450E-06,+29.020232E-03,-27.592832E-03
+478.900E-06,+24.698624E-03,-36.236048E-03
+480.350E-06,+31.613197E-03,-9.009918E-03
+481.800E-06,+27.291589E-03,-16.788812E-03
+483.250E-06,+20.809177E-03,-24.567707E-03
+484.700E-06,+3.954906E-03,-24.567707E-03
+486.150E-06,+3.954906E-03,-31.050119E-03
+487.600E-06,+17.784052E-03,-23.703385E-03
+489.050E-06,+17.784052E-03,-9.874240E-03
+490.500E-06,+3.954906E-03,-16.788812E-03
+491.950E-06,+3.954906E-03,-10.738561E-03
+493.400E-06,+15.623248E-03,-16.788812E-03
+494.850E-06,+10.869479E-03,-2.959667E-03
+496.300E-06,+3.954906E-03,-16.788812E-03
+497.750E-06,+3.954906E-03,-9.874240E-03
+499.200E-06,-5.120471E-03,-12.035044E-03
+500.650E-06,-5.552632E-03,-20.678260E-03
+502.100E-06,-16.788812E-03,-2.959667E-03
+503.550E-06,-10.306400E-03,-9.874240E-03
+505.000E-06,-2.959667E-03,-16.788812E-03
+506.450E-06,-13.763687E-03,-13.763687E-03
+507.900E-06,-23.703385E-03,-16.788812E-03
+509.350E-06,-29.321476E-03,-9.874240E-03
+510.800E-06,-21.110420E-03,-7.281275E-03
+512.250E-06,-16.788812E-03,-6.849114E-03
+513.700E-06,-10.738561E-03,-29.321476E-03
+515.150E-06,-31.050119E-03,-23.703385E-03
+516.600E-06,-30.617958E-03,-12.035044E-03
+518.050E-06,-23.703385E-03,-26.296350E-03
+519.500E-06,-22.406903E-03,-18.949616E-03
+520.950E-06,-37.532531E-03,-9.009918E-03
+522.400E-06,-30.617958E-03,-366.702E-06
+523.850E-06,-30.617958E-03,-5.552632E-03
+525.300E-06,-34.939566E-03,-9.874240E-03
+526.750E-06,-23.703385E-03,-23.703385E-03
+528.200E-06,-32.778762E-03,-21.110420E-03
+529.650E-06,-37.532531E-03,-20.678260E-03
+531.100E-06,-30.617958E-03,-10.738561E-03
+532.550E-06,-37.532531E-03,-10.306400E-03
+534.000E-06,-44.447104E-03,-14.195848E-03
+535.450E-06,-34.507405E-03,-16.788812E-03
+536.900E-06,-17.653134E-03,-15.492330E-03
+538.350E-06,-31.050119E-03,-17.220973E-03
+539.800E-06,-37.532531E-03,-25.864189E-03
+541.250E-06,-44.447104E-03,-19.381777E-03
+542.700E-06,-37.532531E-03,-16.788812E-03
+544.150E-06,-31.050119E-03,-15.924491E-03
+545.600E-06,-37.532531E-03,-9.874240E-03
+547.050E-06,-37.532531E-03,-9.874240E-03
+548.500E-06,-31.482280E-03,-23.703385E-03
+549.950E-06,-16.788812E-03,-23.703385E-03
+551.400E-06,-23.703385E-03,-21.110420E-03
+552.850E-06,-19.381777E-03,-16.788812E-03
+554.300E-06,-23.703385E-03,-8.577757E-03
+555.750E-06,-24.135546E-03,-10.306400E-03
+557.200E-06,-30.617958E-03,-39.693335E-03
+558.650E-06,-30.617958E-03,-27.592832E-03
+560.100E-06,-38.396852E-03,-22.406903E-03
+561.550E-06,-23.703385E-03,-9.874240E-03
+563.000E-06,-12.035044E-03,-2.959667E-03
+564.450E-06,-23.703385E-03,-13.763687E-03
+565.900E-06,-36.236048E-03,-16.788812E-03
+567.350E-06,-10.306400E-03,-16.788812E-03
+568.800E-06,-14.195848E-03,-16.788812E-03
+570.250E-06,-23.703385E-03,-16.788812E-03
+571.700E-06,-15.492330E-03,-10.738561E-03
+573.150E-06,-15.924491E-03,-15.924491E-03
+574.600E-06,-16.788812E-03,-16.788812E-03
+576.050E-06,-19.381777E-03,-16.788812E-03
+577.500E-06,-16.788812E-03,-9.874240E-03
+578.950E-06,-2.959667E-03,-9.009918E-03
+580.400E-06,-16.788812E-03,-9.874240E-03
+581.850E-06,-23.703385E-03,-20.678260E-03
+583.300E-06,-2.959667E-03,-16.788812E-03
+584.750E-06,+3.954906E-03,-2.959667E-03
+586.200E-06,-7.281275E-03,-9.874240E-03
+587.650E-06,-2.959667E-03,-9.874240E-03
+589.100E-06,-12.899365E-03,+3.954906E-03
+590.550E-06,-16.788812E-03,-2.959667E-03
+592.000E-06,-14.195848E-03,-7.281275E-03
+593.450E-06,-12.467204E-03,-2.959667E-03
+594.900E-06,-16.788812E-03,-1.663184E-03
+596.350E-06,-10.306400E-03,+3.522745E-03
+597.800E-06,-16.788812E-03,-9.874240E-03
+599.250E-06,-16.788812E-03,-2.959667E-03
+600.700E-06,-3.823988E-03,+5.251388E-03
+602.150E-06,-10.306400E-03,-2.959667E-03
+603.600E-06,-16.788812E-03,+6.547871E-03
+605.050E-06,+3.954906E-03,+3.954906E-03
+606.500E-06,-2.959667E-03,-8.577757E-03
+607.950E-06,+3.522745E-03,+10.869479E-03
+609.400E-06,-12.035044E-03,+3.954906E-03
+610.850E-06,-5.552632E-03,-13.763687E-03
+612.300E-06,-2.959667E-03,-2.959667E-03
+613.750E-06,-16.788812E-03,+10.437318E-03
+615.200E-06,-12.035044E-03,+17.784052E-03
+616.650E-06,-5.552632E-03,-13.763687E-03
+618.100E-06,-3.823988E-03,-8.577757E-03
+619.550E-06,-2.959667E-03,+3.954906E-03
+621.000E-06,-9.874240E-03,+3.954906E-03
+622.450E-06,-5.552632E-03,+3.954906E-03
+623.900E-06,-9.874240E-03,-2.959667E-03
+625.350E-06,-9.009918E-03,-9.874240E-03
+626.800E-06,-2.527506E-03,+6.547871E-03
+628.250E-06,-19.381777E-03,-2.959667E-03
+629.700E-06,-16.788812E-03,+3.954906E-03
+631.150E-06,-9.874240E-03,-9.009918E-03
+632.600E-06,-9.874240E-03,-2.959667E-03
+634.050E-06,-9.874240E-03,+3.954906E-03
+635.500E-06,-17.653134E-03,+3.090584E-03
+636.950E-06,-17.220973E-03,+3.954906E-03
+638.400E-06,-12.035044E-03,-2.959667E-03
+639.850E-06,-13.763687E-03,-9.874240E-03
+641.300E-06,-23.703385E-03,+3.954906E-03
+642.750E-06,-22.839064E-03,-3.391828E-03
+644.200E-06,-12.035044E-03,-366.702E-06
+645.650E-06,-20.678260E-03,-6.849114E-03
+647.100E-06,-9.874240E-03,-15.492330E-03
+648.550E-06,-23.703385E-03,-9.009918E-03
+650.000E-06,-16.788812E-03,-9.874240E-03
+651.450E-06,-26.296350E-03,-12.467204E-03
+652.900E-06,-23.703385E-03,-2.959667E-03
+654.350E-06,-17.220973E-03,-9.009918E-03
+655.800E-06,-16.788812E-03,-14.195848E-03
+657.250E-06,-23.703385E-03,-20.678260E-03
+658.700E-06,-30.617958E-03,-14.195848E-03
+660.150E-06,-16.788812E-03,-2.095345E-03
+661.600E-06,-16.788812E-03,-2.959667E-03
+663.050E-06,-5.552632E-03,-23.703385E-03
+664.500E-06,-9.874240E-03,-24.567707E-03
+665.950E-06,-16.788812E-03,+3.522745E-03
+667.400E-06,-21.110420E-03,-23.703385E-03
+668.850E-06,-20.678260E-03,-30.617958E-03
+670.300E-06,-30.617958E-03,-15.492330E-03
+671.750E-06,-16.788812E-03,-37.532531E-03
+673.200E-06,-21.110420E-03,-30.617958E-03
+674.650E-06,-5.552632E-03,-23.703385E-03
+676.100E-06,-1.663184E-03,-16.788812E-03
+677.550E-06,-10.306400E-03,-22.839064E-03
+679.000E-06,-5.120471E-03,-12.035044E-03
+680.450E-06,-5.552632E-03,-5.552632E-03
+681.900E-06,-2.959667E-03,-22.406903E-03
+683.350E-06,-15.924491E-03,-37.532531E-03
+684.800E-06,-21.110420E-03,-32.778762E-03
+686.250E-06,-9.874240E-03,-13.763687E-03
+687.700E-06,-9.874240E-03,-10.738561E-03
+689.150E-06,-15.492330E-03,-23.703385E-03
+690.600E-06,-9.874240E-03,-14.195848E-03
+692.050E-06,-10.738561E-03,-16.788812E-03
+693.500E-06,+10.005157E-03,-17.653134E-03
+694.950E-06,-3.391828E-03,-17.220973E-03
+696.400E-06,-2.959667E-03,-23.703385E-03
+697.850E-06,-13.763687E-03,-12.467204E-03
+699.300E-06,+3.954906E-03,-3.823988E-03
+700.750E-06,-10.306400E-03,-10.306400E-03
+702.200E-06,-7.281275E-03,-25.864189E-03
+703.650E-06,-16.788812E-03,-5.552632E-03
+705.100E-06,+3.090584E-03,-16.788812E-03
+706.550E-06,-9.874240E-03,-22.406903E-03
+708.000E-06,-7.281275E-03,-12.035044E-03
+709.450E-06,-12.467204E-03,-19.381777E-03
+710.900E-06,-16.788812E-03,-16.788812E-03
+712.350E-06,-17.220973E-03,-10.738561E-03
+713.800E-06,-2.959667E-03,-14.195848E-03
+715.250E-06,+3.954906E-03,-9.874240E-03
+716.700E-06,-3.823988E-03,-1.663184E-03
+718.150E-06,-2.959667E-03,-10.306400E-03
+719.600E-06,+3.954906E-03,-2.959667E-03
+721.050E-06,+1.361941E-03,+65.459E-06
+722.500E-06,-7.281275E-03,-9.874240E-03
+723.950E-06,-3.823988E-03,-15.924491E-03
+725.400E-06,-16.788812E-03,-16.788812E-03
+726.850E-06,-23.703385E-03,-9.874240E-03
+728.300E-06,-16.788812E-03,-9.874240E-03
+729.750E-06,-17.220973E-03,-16.788812E-03
+731.200E-06,-21.110420E-03,-7.281275E-03
+732.650E-06,+3.954906E-03,-12.467204E-03
+734.100E-06,-16.788812E-03,+5.251388E-03
+735.550E-06,-22.839064E-03,-9.874240E-03
+737.000E-06,-30.617958E-03,-12.035044E-03
+738.450E-06,-12.467204E-03,-5.552632E-03
+739.900E-06,-9.874240E-03,-9.874240E-03
+741.350E-06,-2.959667E-03,-15.924491E-03
+742.800E-06,-366.702E-06,-7.281275E-03
+744.250E-06,-20.678260E-03,-1.663184E-03
+745.700E-06,-23.703385E-03,+3.954906E-03
+747.150E-06,-17.220973E-03,+3.954906E-03
+748.600E-06,-16.788812E-03,-2.959667E-03
+750.050E-06,-27.592832E-03,-6.849114E-03
+751.500E-06,-10.738561E-03,-9.874240E-03
+752.950E-06,-10.738561E-03,+3.954906E-03
+754.400E-06,-25.864189E-03,-2.959667E-03
+755.850E-06,-16.788812E-03,+3.954906E-03
+757.300E-06,+3.090584E-03,-2.959667E-03
+758.750E-06,-16.788812E-03,-9.874240E-03
+760.200E-06,-14.195848E-03,-16.788812E-03
+761.650E-06,-19.381777E-03,-16.788812E-03
+763.100E-06,-16.788812E-03,-17.653134E-03
+764.550E-06,-16.788812E-03,-9.874240E-03
+766.000E-06,-23.703385E-03,-9.874240E-03
+767.450E-06,-19.381777E-03,-10.738561E-03
+768.900E-06,-16.788812E-03,-5.120471E-03
+770.350E-06,-9.874240E-03,-2.959667E-03
+771.800E-06,-9.874240E-03,-366.702E-06
+773.250E-06,-10.738561E-03,-20.678260E-03
+774.700E-06,-23.703385E-03,-22.406903E-03
+776.150E-06,-16.788812E-03,-10.306400E-03
+777.600E-06,-28.024993E-03,-9.874240E-03
+779.050E-06,-27.592832E-03,-6.849114E-03
+780.500E-06,-23.703385E-03,-22.406903E-03
+781.950E-06,-10.306400E-03,-2.959667E-03
+783.400E-06,-16.788812E-03,-21.110420E-03
+784.850E-06,-13.763687E-03,-9.874240E-03
+786.300E-06,-9.874240E-03,-16.788812E-03
+787.750E-06,-10.306400E-03,-3.823988E-03
+789.200E-06,-18.949616E-03,-7.281275E-03
+790.650E-06,-16.788812E-03,-13.763687E-03
+792.100E-06,-16.788812E-03,-10.738561E-03
+793.550E-06,-10.306400E-03,-16.788812E-03
+795.000E-06,-25.864189E-03,-21.110420E-03
+796.450E-06,-16.788812E-03,+1.361941E-03
+797.900E-06,-10.738561E-03,-2.959667E-03
+799.350E-06,-16.788812E-03,-9.874240E-03
+800.800E-06,-21.110420E-03,-18.949616E-03
+802.250E-06,-6.849114E-03,-5.552632E-03
+803.700E-06,-10.738561E-03,-23.703385E-03
+805.150E-06,-9.874240E-03,-9.874240E-03
+806.600E-06,-16.788812E-03,-366.702E-06
+808.050E-06,+1.361941E-03,-5.552632E-03
+809.500E-06,-9.874240E-03,-23.703385E-03
+810.950E-06,-15.492330E-03,-9.874240E-03
+812.400E-06,-16.788812E-03,-9.874240E-03
+813.850E-06,-23.703385E-03,-2.959667E-03
+815.300E-06,-16.788812E-03,-10.738561E-03
+816.750E-06,-2.959667E-03,-2.959667E-03
+818.200E-06,-2.959667E-03,-14.195848E-03
+819.650E-06,-5.552632E-03,-2.959667E-03
+821.100E-06,-2.959667E-03,-16.788812E-03
+822.550E-06,-3.823988E-03,-2.959667E-03
+824.000E-06,-23.703385E-03,+3.954906E-03
+825.450E-06,-6.849114E-03,-2.959667E-03
+826.900E-06,-10.738561E-03,-1.663184E-03
+828.350E-06,-9.874240E-03,-2.959667E-03
+829.800E-06,-2.959667E-03,-2.959667E-03
+831.250E-06,-16.788812E-03,-3.823988E-03
+832.700E-06,-15.492330E-03,-2.959667E-03
+834.150E-06,-10.306400E-03,-2.959667E-03
+835.600E-06,-12.035044E-03,-16.788812E-03
+837.050E-06,-5.552632E-03,-2.959667E-03
+838.500E-06,-15.492330E-03,-10.738561E-03
+839.950E-06,-24.135546E-03,-9.874240E-03
+841.400E-06,-9.874240E-03,-16.788812E-03
+842.850E-06,-23.703385E-03,-16.788812E-03
+844.300E-06,-17.653134E-03,-15.492330E-03
+845.750E-06,-2.959667E-03,-2.959667E-03
+847.200E-06,-12.035044E-03,-9.874240E-03
+848.650E-06,-2.959667E-03,-2.959667E-03
+850.100E-06,-2.959667E-03,-9.874240E-03
+851.550E-06,-9.009918E-03,-16.788812E-03
+853.000E-06,-5.120471E-03,-7.281275E-03
+854.450E-06,-17.653134E-03,+1.361941E-03
+855.900E-06,-21.110420E-03,-15.492330E-03
+857.350E-06,-9.009918E-03,-16.788812E-03
+858.800E-06,-16.788812E-03,-5.120471E-03
+860.250E-06,-8.577757E-03,-9.874240E-03
+861.700E-06,-3.823988E-03,-2.959667E-03
+863.150E-06,-9.874240E-03,-3.391828E-03
+864.600E-06,-14.195848E-03,+3.954906E-03
+866.050E-06,-6.849114E-03,-2.959667E-03
+867.500E-06,-9.874240E-03,-14.195848E-03
+868.950E-06,-16.788812E-03,-15.924491E-03
+870.400E-06,-16.788812E-03,+3.954906E-03
+871.850E-06,-10.738561E-03,-5.552632E-03
+873.300E-06,-22.406903E-03,-8.577757E-03
+874.750E-06,-17.220973E-03,-10.306400E-03
+876.200E-06,-18.949616E-03,-14.195848E-03
+877.650E-06,-20.678260E-03,-6.849114E-03
+879.100E-06,-16.788812E-03,-5.120471E-03
+880.550E-06,-30.617958E-03,-9.009918E-03
+882.000E-06,-14.195848E-03,-366.702E-06
+883.450E-06,-19.381777E-03,-2.959667E-03
+884.900E-06,-10.738561E-03,-2.959667E-03
+886.350E-06,-17.220973E-03,-10.306400E-03
+887.800E-06,-366.702E-06,-7.281275E-03
+889.250E-06,-9.874240E-03,-6.849114E-03
+890.700E-06,-16.788812E-03,-3.823988E-03
+892.150E-06,-15.924491E-03,-15.924491E-03
+893.600E-06,-18.949616E-03,-9.874240E-03
+895.050E-06,-26.296350E-03,-20.678260E-03
+896.500E-06,-17.653134E-03,-9.874240E-03
+897.950E-06,-24.135546E-03,-2.959667E-03
+899.400E-06,-30.617958E-03,-18.949616E-03
+900.850E-06,-9.874240E-03,-13.763687E-03
+902.300E-06,-1.663184E-03,-23.703385E-03
+903.750E-06,+3.522745E-03,-2.959667E-03
+905.200E-06,-7.281275E-03,-2.959667E-03
+906.650E-06,+1.361941E-03,-5.552632E-03
+908.100E-06,-8.577757E-03,-3.823988E-03
+909.550E-06,-16.788812E-03,-3.391828E-03
+911.000E-06,-9.874240E-03,-9.874240E-03
+912.450E-06,-5.552632E-03,-9.874240E-03
+913.900E-06,-22.406903E-03,-8.577757E-03
+915.350E-06,-3.391828E-03,-9.874240E-03
+916.800E-06,-18.949616E-03,-16.788812E-03
+918.250E-06,-9.874240E-03,-9.874240E-03
+919.700E-06,-16.788812E-03,-8.577757E-03
+921.150E-06,-22.839064E-03,-2.959667E-03
+922.600E-06,-9.874240E-03,-2.959667E-03
+924.050E-06,-9.874240E-03,-9.874240E-03
+925.500E-06,+10.005157E-03,-9.874240E-03
+926.950E-06,+3.954906E-03,-10.306400E-03
+928.400E-06,-5.120471E-03,-7.281275E-03
+929.850E-06,-9.874240E-03,-9.874240E-03
+931.300E-06,-16.788812E-03,+3.090584E-03
+932.750E-06,-15.924491E-03,-22.406903E-03
+934.200E-06,-366.702E-06,-366.702E-06
+935.650E-06,+65.459E-06,-1.663184E-03
+937.100E-06,-5.120471E-03,-29.321476E-03
+938.550E-06,-15.924491E-03,-10.738561E-03
+940.000E-06,-18.949616E-03,-14.195848E-03
+941.450E-06,-19.381777E-03,-9.874240E-03
+942.900E-06,-10.738561E-03,-15.492330E-03
+944.350E-06,-2.095345E-03,-22.839064E-03
+945.800E-06,-7.281275E-03,-12.035044E-03
+947.250E-06,-16.788812E-03,-9.874240E-03
+948.700E-06,-10.738561E-03,-10.738561E-03
+950.150E-06,-9.874240E-03,-2.959667E-03
+951.600E-06,-21.110420E-03,-366.702E-06
+953.050E-06,-9.874240E-03,-9.874240E-03
+954.500E-06,-9.874240E-03,-9.874240E-03
+955.950E-06,-9.874240E-03,-17.220973E-03
+957.400E-06,-12.035044E-03,-16.788812E-03
+958.850E-06,-19.381777E-03,-23.703385E-03
+960.300E-06,-9.874240E-03,+3.090584E-03
+961.750E-06,-2.959667E-03,-23.703385E-03
+963.200E-06,-16.788812E-03,-2.959667E-03
+964.650E-06,-16.788812E-03,-6.849114E-03
+966.100E-06,-9.874240E-03,-9.874240E-03
+967.550E-06,-23.703385E-03,-15.924491E-03
+969.000E-06,-18.949616E-03,-16.788812E-03
+970.450E-06,-16.788812E-03,+65.459E-06
+971.900E-06,-3.823988E-03,+3.954906E-03
+973.350E-06,-9.874240E-03,+3.522745E-03
+974.800E-06,-9.874240E-03,-2.959667E-03
+976.250E-06,-9.874240E-03,-9.874240E-03
+977.700E-06,-5.120471E-03,-9.874240E-03
+979.150E-06,-16.788812E-03,-9.874240E-03
+980.600E-06,-16.788812E-03,-2.959667E-03
+982.050E-06,-26.296350E-03,-23.703385E-03
+983.500E-06,-9.874240E-03,-16.788812E-03
+984.950E-06,-9.874240E-03,-16.788812E-03
+986.400E-06,-2.959667E-03,-25.864189E-03
+987.850E-06,-20.678260E-03,+3.954906E-03
+989.300E-06,-10.738561E-03,-15.492330E-03
+990.750E-06,-9.874240E-03,-16.788812E-03
+992.200E-06,-18.949616E-03,-14.195848E-03
+993.650E-06,-20.678260E-03,-23.703385E-03
+995.100E-06,-16.788812E-03,-9.874240E-03
+996.550E-06,-22.839064E-03,-15.492330E-03
+998.000E-06,-16.788812E-03,-16.788812E-03
+999.450E-06,-9.874240E-03,+1.361941E-03
+1.000900E-03,-15.492330E-03,-16.788812E-03
+1.002350E-03,-10.738561E-03,-2.959667E-03
+1.003800E-03,-14.195848E-03,-7.281275E-03
+1.005250E-03,-12.467204E-03,-5.552632E-03
+1.006700E-03,-3.823988E-03,-16.788812E-03
+1.008150E-03,-9.874240E-03,-16.788812E-03
+1.009600E-03,+1.794102E-03,-12.035044E-03
+1.011050E-03,-16.788812E-03,-23.703385E-03
+1.012500E-03,-30.617958E-03,-15.492330E-03
+1.013950E-03,-16.788812E-03,-15.924491E-03
+1.015400E-03,-16.788812E-03,-14.195848E-03
+1.016850E-03,-20.678260E-03,-9.874240E-03
+1.018300E-03,-10.738561E-03,-15.492330E-03
+1.019750E-03,-30.617958E-03,-9.874240E-03
+1.021200E-03,-14.195848E-03,-7.281275E-03
+1.022650E-03,-9.874240E-03,-6.849114E-03
+1.024100E-03,-15.492330E-03,-9.874240E-03
+1.025550E-03,-22.839064E-03,-9.874240E-03
+1.027000E-03,-21.110420E-03,-16.788812E-03
+1.028450E-03,-16.788812E-03,-12.467204E-03
+1.029900E-03,-22.406903E-03,-9.874240E-03
+1.031350E-03,-15.924491E-03,-8.577757E-03
+1.032800E-03,-14.195848E-03,-5.120471E-03
+1.034250E-03,-6.849114E-03,-9.874240E-03
+1.035700E-03,-9.874240E-03,-16.788812E-03
+1.037150E-03,-30.617958E-03,-3.391828E-03
+1.038600E-03,-23.703385E-03,-5.120471E-03
+1.040050E-03,-12.467204E-03,-9.874240E-03
+1.041500E-03,-16.788812E-03,-366.702E-06
+1.042950E-03,-16.788812E-03,-9.874240E-03
+1.044400E-03,-5.120471E-03,-21.110420E-03
+1.045850E-03,-9.874240E-03,-5.552632E-03
+1.047300E-03,-15.492330E-03,-9.874240E-03
+1.048750E-03,-15.924491E-03,-2.095345E-03
+1.050200E-03,-9.874240E-03,+1.794102E-03
+1.051650E-03,-13.763687E-03,-8.577757E-03
+1.053100E-03,-2.959667E-03,-15.492330E-03
+1.054550E-03,-15.924491E-03,-3.391828E-03
+1.056000E-03,-16.788812E-03,-9.874240E-03
+1.057450E-03,-16.788812E-03,+1.361941E-03
+1.058900E-03,-2.959667E-03,-9.874240E-03
+1.060350E-03,-15.924491E-03,-9.874240E-03
+1.061800E-03,-14.195848E-03,-16.788812E-03
+1.063250E-03,-23.703385E-03,-16.788812E-03
+1.064700E-03,-9.874240E-03,-10.738561E-03
+1.066150E-03,-8.577757E-03,-3.823988E-03
+1.067600E-03,-5.120471E-03,-2.959667E-03
+1.069050E-03,+3.954906E-03,-2.959667E-03
+1.070500E-03,-16.788812E-03,-9.874240E-03
+1.071950E-03,-9.009918E-03,-10.306400E-03
+1.073400E-03,+1.794102E-03,-2.959667E-03
+1.074850E-03,-1.663184E-03,-6.849114E-03
+1.076300E-03,-16.788812E-03,-10.738561E-03
+1.077750E-03,-23.703385E-03,-2.095345E-03
+1.079200E-03,-21.110420E-03,-9.874240E-03
+1.080650E-03,-2.959667E-03,+1.361941E-03
+1.082100E-03,-9.874240E-03,-1.663184E-03
+1.083550E-03,-17.220973E-03,-2.959667E-03
+1.085000E-03,-16.788812E-03,-2.959667E-03
+1.086450E-03,-23.703385E-03,+65.459E-06
+1.087900E-03,-16.788812E-03,-10.738561E-03
+1.089350E-03,-17.220973E-03,+3.954906E-03
+1.090800E-03,-9.874240E-03,+3.954906E-03
+1.092250E-03,-23.703385E-03,-13.763687E-03
+1.093700E-03,-22.406903E-03,-10.738561E-03
+1.095150E-03,-9.009918E-03,-2.095345E-03
+1.096600E-03,-9.874240E-03,+3.954906E-03
+1.098050E-03,+1.361941E-03,+3.954906E-03
+1.099500E-03,-10.738561E-03,-16.788812E-03
+1.100950E-03,-15.924491E-03,-15.492330E-03
+1.102400E-03,-2.959667E-03,-5.120471E-03
+1.103850E-03,-2.959667E-03,+3.954906E-03
+1.105300E-03,-9.874240E-03,-9.874240E-03
+1.106750E-03,-16.788812E-03,-22.839064E-03
+1.108200E-03,-12.035044E-03,-18.949616E-03
+1.109650E-03,-27.592832E-03,-9.874240E-03
+1.111100E-03,-16.788812E-03,-8.577757E-03
+1.112550E-03,-2.959667E-03,-15.924491E-03
+1.114000E-03,-366.702E-06,-9.874240E-03
+1.115450E-03,-10.738561E-03,-6.849114E-03
+1.116900E-03,-16.788812E-03,-2.959667E-03
+1.118350E-03,-9.009918E-03,-9.009918E-03
+1.119800E-03,-7.281275E-03,-5.120471E-03
+1.121250E-03,-2.959667E-03,-2.959667E-03
+1.122700E-03,+3.090584E-03,-9.874240E-03
+1.124150E-03,-2.959667E-03,-9.874240E-03
+1.125600E-03,-12.035044E-03,-16.788812E-03
+1.127050E-03,-20.678260E-03,+65.459E-06
+1.128500E-03,-3.823988E-03,-10.738561E-03
+1.129950E-03,-9.874240E-03,-37.532531E-03
+1.131400E-03,-21.110420E-03,-23.703385E-03
+1.132850E-03,-9.874240E-03,-9.874240E-03
+1.134300E-03,-9.874240E-03,-9.874240E-03
+1.135750E-03,-17.220973E-03,-16.788812E-03
+1.137200E-03,-21.110420E-03,-18.949616E-03
+1.138650E-03,-26.296350E-03,-16.788812E-03
+1.140100E-03,-23.703385E-03,-9.874240E-03
+1.141550E-03,-9.874240E-03,-22.839064E-03
+1.143000E-03,-7.281275E-03,-16.788812E-03
+1.144450E-03,-3.823988E-03,-16.788812E-03
+1.145900E-03,-10.738561E-03,-17.653134E-03
+1.147350E-03,-10.306400E-03,+3.954906E-03
+1.148800E-03,-16.788812E-03,+3.954906E-03
+1.150250E-03,-5.552632E-03,-16.788812E-03
+1.151700E-03,-10.738561E-03,-3.823988E-03
+1.153150E-03,+3.954906E-03,-10.306400E-03
+1.154600E-03,-23.703385E-03,-9.874240E-03
+1.156050E-03,+1.361941E-03,+1.361941E-03
+1.157500E-03,-3.823988E-03,+10.869479E-03
+1.158950E-03,-9.009918E-03,-22.839064E-03
+1.160400E-03,-12.035044E-03,-18.949616E-03
+1.161850E-03,-13.763687E-03,-23.703385E-03
+1.163300E-03,-29.321476E-03,-9.874240E-03
+1.164750E-03,-15.924491E-03,-10.306400E-03
+1.166200E-03,-16.788812E-03,-16.788812E-03
+1.167650E-03,-23.703385E-03,-8.577757E-03
+1.169100E-03,-23.703385E-03,+3.954906E-03
+1.170550E-03,-10.306400E-03,+3.522745E-03
+1.172000E-03,-14.195848E-03,-7.281275E-03
+1.173450E-03,-9.874240E-03,-2.959667E-03
+1.174900E-03,-9.874240E-03,-3.823988E-03
+1.176350E-03,-15.924491E-03,-15.924491E-03
+1.177800E-03,-16.788812E-03,-14.195848E-03
+1.179250E-03,-13.763687E-03,-2.959667E-03
+1.180700E-03,-5.120471E-03,-9.874240E-03
+1.182150E-03,-17.220973E-03,-23.703385E-03
+1.183600E-03,-14.195848E-03,-23.703385E-03
+1.185050E-03,-20.678260E-03,+3.954906E-03
+1.186500E-03,-28.024993E-03,-8.577757E-03
+1.187950E-03,-9.874240E-03,-9.874240E-03
+1.189400E-03,-2.959667E-03,-5.120471E-03
+1.190850E-03,-13.763687E-03,-9.874240E-03
+1.192300E-03,-22.406903E-03,-2.959667E-03
+1.193750E-03,-16.788812E-03,-9.874240E-03
+1.195200E-03,-2.959667E-03,-21.110420E-03
+1.196650E-03,-9.874240E-03,-16.788812E-03
+1.198100E-03,-16.788812E-03,-3.823988E-03
+1.199550E-03,-16.788812E-03,-9.874240E-03
+1.201000E-03,+3.954906E-03,-9.874240E-03
+1.202450E-03,-9.874240E-03,-2.959667E-03
+1.203900E-03,-10.738561E-03,-2.959667E-03
+1.205350E-03,-10.306400E-03,+3.522745E-03
+1.206800E-03,-14.195848E-03,-23.703385E-03
+1.208250E-03,-16.788812E-03,-20.678260E-03
+1.209700E-03,-7.281275E-03,-2.959667E-03
+1.211150E-03,-2.959667E-03,-9.874240E-03
+1.212600E-03,-23.703385E-03,-18.949616E-03
+1.214050E-03,-9.874240E-03,-2.959667E-03
+1.215500E-03,-5.120471E-03,+3.090584E-03
+1.216950E-03,-16.788812E-03,+3.522745E-03
+1.218400E-03,-7.281275E-03,-5.120471E-03
+1.219850E-03,-9.874240E-03,-16.788812E-03
+1.221300E-03,-16.788812E-03,-8.577757E-03
+1.222750E-03,-2.959667E-03,-2.959667E-03
+1.224200E-03,-16.788812E-03,-14.195848E-03
+1.225650E-03,-17.653134E-03,-2.959667E-03
+1.227100E-03,-16.788812E-03,-9.874240E-03
+1.228550E-03,-16.788812E-03,-9.009918E-03
+1.230000E-03,-21.110420E-03,-12.035044E-03
+1.231450E-03,-9.874240E-03,-19.381777E-03
+1.232900E-03,-9.874240E-03,-23.703385E-03
+1.234350E-03,-9.009918E-03,-9.009918E-03
+1.235800E-03,-5.120471E-03,-7.281275E-03
+1.237250E-03,-16.788812E-03,-9.874240E-03
+1.238700E-03,-2.959667E-03,-9.874240E-03
+1.240150E-03,-23.703385E-03,-16.788812E-03
+1.241600E-03,-14.195848E-03,-9.874240E-03
+1.243050E-03,-2.959667E-03,-9.874240E-03
+1.244500E-03,+3.954906E-03,-9.874240E-03
+1.245950E-03,-10.306400E-03,-9.874240E-03
+1.247400E-03,-16.788812E-03,-5.120471E-03
+1.248850E-03,-8.577757E-03,-2.959667E-03
+1.250300E-03,+3.090584E-03,-1.663184E-03
+1.251750E-03,-3.391828E-03,-3.391828E-03
+1.253200E-03,-21.110420E-03,-9.874240E-03
+1.254650E-03,-27.592832E-03,-6.849114E-03
+1.256100E-03,-9.874240E-03,-9.874240E-03
+1.257550E-03,-10.306400E-03,-3.391828E-03
+1.259000E-03,+1.794102E-03,-9.874240E-03
+1.260450E-03,-20.678260E-03,+65.459E-06
+1.261900E-03,-30.617958E-03,-1.663184E-03
+1.263350E-03,-9.874240E-03,-15.924491E-03
+1.264800E-03,-9.874240E-03,-18.949616E-03
+1.266250E-03,-2.959667E-03,-5.552632E-03
+1.267700E-03,-5.120471E-03,-9.874240E-03
+1.269150E-03,-9.874240E-03,-8.577757E-03
+1.270600E-03,-9.874240E-03,-7.281275E-03
+1.272050E-03,-9.874240E-03,+1.361941E-03
+1.273500E-03,-16.788812E-03,-23.703385E-03
+1.274950E-03,-9.874240E-03,-16.788812E-03
+1.276400E-03,-5.120471E-03,-5.120471E-03
+1.277850E-03,-12.467204E-03,-9.874240E-03
+1.279300E-03,-10.738561E-03,-2.959667E-03
+1.280750E-03,-15.924491E-03,-22.839064E-03
+1.282200E-03,-14.195848E-03,-21.110420E-03
+1.283650E-03,-5.552632E-03,-16.788812E-03
+1.285100E-03,+3.090584E-03,-10.738561E-03
+1.286550E-03,-15.924491E-03,-10.306400E-03
+1.288000E-03,-23.703385E-03,-2.959667E-03
+1.289450E-03,-16.788812E-03,-9.874240E-03
+1.290900E-03,-15.492330E-03,-9.874240E-03
+1.292350E-03,-15.924491E-03,-9.009918E-03
+1.293800E-03,-14.195848E-03,-9.874240E-03
+1.295250E-03,-19.381777E-03,-16.788812E-03
+1.296700E-03,-8.577757E-03,-2.959667E-03
+1.298150E-03,-9.009918E-03,-16.788812E-03
+1.299600E-03,-5.120471E-03,-21.110420E-03
+1.301050E-03,-23.703385E-03,-16.788812E-03
+1.302500E-03,-2.959667E-03,-15.492330E-03
+1.303950E-03,-10.306400E-03,-16.788812E-03
+1.305400E-03,-12.035044E-03,-18.949616E-03
+1.306850E-03,-9.874240E-03,-2.959667E-03
+1.308300E-03,-16.788812E-03,+3.954906E-03
+1.309750E-03,-16.788812E-03,+3.954906E-03
+1.311200E-03,-16.788812E-03,+3.954906E-03
+1.312650E-03,-9.874240E-03,-2.959667E-03
+1.314100E-03,-17.653134E-03,-8.577757E-03
+1.315550E-03,-16.788812E-03,-16.788812E-03
+1.317000E-03,-16.788812E-03,-18.949616E-03
+1.318450E-03,-17.653134E-03,-15.492330E-03
+1.319900E-03,-15.492330E-03,-1.663184E-03
+1.321350E-03,-3.391828E-03,-3.391828E-03
+1.322800E-03,-12.035044E-03,-16.788812E-03
+1.324250E-03,+3.954906E-03,-12.467204E-03
+1.325700E-03,-3.823988E-03,-2.959667E-03
+1.327150E-03,-3.391828E-03,+3.522745E-03
+1.328600E-03,-7.281275E-03,-12.035044E-03
+1.330050E-03,-2.959667E-03,-16.788812E-03
+1.331500E-03,-22.406903E-03,-21.110420E-03
+1.332950E-03,-10.306400E-03,-9.874240E-03
+1.334400E-03,-23.703385E-03,-16.788812E-03
+1.335850E-03,-5.552632E-03,-9.874240E-03
+1.337300E-03,-8.577757E-03,-9.874240E-03
+1.338750E-03,-17.220973E-03,-9.009918E-03
+1.340200E-03,-23.703385E-03,-9.874240E-03
+1.341650E-03,-20.678260E-03,-16.788812E-03
+1.343100E-03,-9.874240E-03,-8.577757E-03
+1.344550E-03,-10.306400E-03,-2.959667E-03
+1.346000E-03,-5.120471E-03,-7.281275E-03
+1.347450E-03,-20.678260E-03,-5.552632E-03
+1.348900E-03,-16.788812E-03,-9.874240E-03
+1.350350E-03,-15.924491E-03,-2.959667E-03
+1.351800E-03,-16.788812E-03,+10.869479E-03
+1.353250E-03,-5.552632E-03,+1.361941E-03
+1.354700E-03,-9.874240E-03,-16.788812E-03
+1.356150E-03,-10.306400E-03,-9.009918E-03
+1.357600E-03,-18.949616E-03,-7.281275E-03
+1.359050E-03,-9.874240E-03,+1.361941E-03
+1.360500E-03,-8.577757E-03,-8.577757E-03
+1.361950E-03,-3.391828E-03,-3.823988E-03
+1.363400E-03,-12.035044E-03,-5.120471E-03
+1.364850E-03,-12.467204E-03,-9.874240E-03
+1.366300E-03,-21.110420E-03,-2.959667E-03
+1.367750E-03,-29.753636E-03,-2.959667E-03
+1.369200E-03,-16.788812E-03,+3.954906E-03
+1.370650E-03,-1.663184E-03,-16.788812E-03
+1.372100E-03,-9.874240E-03,-3.823988E-03
+1.373550E-03,-9.874240E-03,-16.788812E-03
+1.375000E-03,-18.949616E-03,-14.195848E-03
+1.376450E-03,-13.763687E-03,-9.874240E-03
+1.377900E-03,-15.492330E-03,-1.663184E-03
+1.379350E-03,-17.220973E-03,-2.959667E-03
+1.380800E-03,-23.703385E-03,+3.954906E-03
+1.382250E-03,-22.406903E-03,-20.678260E-03
+1.383700E-03,-3.823988E-03,-15.492330E-03
+1.385150E-03,+3.954906E-03,-9.874240E-03
+1.386600E-03,-21.110420E-03,-12.035044E-03
+1.388050E-03,-13.763687E-03,+1.361941E-03
+1.389500E-03,-15.492330E-03,-9.874240E-03
+1.390950E-03,-17.220973E-03,-15.492330E-03
+1.392400E-03,-2.959667E-03,-16.788812E-03
+1.393850E-03,-13.763687E-03,+1.361941E-03
+1.395300E-03,-16.788812E-03,-2.959667E-03
+1.396750E-03,-10.306400E-03,-10.306400E-03
+1.398200E-03,-16.788812E-03,-7.281275E-03
+1.399650E-03,-9.874240E-03,-9.874240E-03
+1.401100E-03,-3.823988E-03,-9.874240E-03
+1.402550E-03,-16.788812E-03,-9.874240E-03
+1.404000E-03,-2.959667E-03,-366.702E-06
+1.405450E-03,-19.381777E-03,-8.577757E-03
+1.406900E-03,-15.492330E-03,-15.492330E-03
+1.408350E-03,-16.788812E-03,-3.391828E-03
+1.409800E-03,-23.703385E-03,-12.035044E-03
+1.411250E-03,-6.849114E-03,-9.874240E-03
+1.412700E-03,-22.406903E-03,-9.874240E-03
+1.414150E-03,-10.306400E-03,-2.959667E-03
+1.415600E-03,-16.788812E-03,-9.874240E-03
+1.417050E-03,-19.381777E-03,-9.874240E-03
+1.418500E-03,-17.653134E-03,-15.492330E-03
+1.419950E-03,-23.703385E-03,-10.306400E-03
+1.421400E-03,-7.281275E-03,-14.195848E-03
+1.422850E-03,-5.552632E-03,-6.849114E-03
+1.424300E-03,-3.823988E-03,-3.823988E-03
+1.425750E-03,-16.788812E-03,-9.009918E-03
+1.427200E-03,-14.195848E-03,-9.874240E-03
+1.428650E-03,-23.703385E-03,+65.459E-06
+1.430100E-03,-29.321476E-03,-8.577757E-03
+1.431550E-03,-16.788812E-03,-9.874240E-03
+1.433000E-03,-9.874240E-03,-9.874240E-03
+1.434450E-03,-16.788812E-03,-16.788812E-03
+1.435900E-03,-23.703385E-03,-15.492330E-03
+1.437350E-03,-9.009918E-03,-10.306400E-03
+1.438800E-03,-16.788812E-03,-14.195848E-03
+1.440250E-03,-16.788812E-03,-20.678260E-03
+1.441700E-03,-36.236048E-03,-3.823988E-03
+1.443150E-03,-16.788812E-03,-9.874240E-03
+1.444600E-03,-14.195848E-03,-9.874240E-03
+1.446050E-03,-13.763687E-03,+3.954906E-03
+1.447500E-03,-10.738561E-03,-9.874240E-03
+1.448950E-03,-16.788812E-03,-15.924491E-03
+1.450400E-03,-9.874240E-03,+3.954906E-03
+1.451850E-03,-20.678260E-03,-5.552632E-03
+1.453300E-03,-22.406903E-03,-23.703385E-03
+1.454750E-03,-9.874240E-03,-9.874240E-03
+1.456200E-03,-16.788812E-03,-9.874240E-03
+1.457650E-03,-19.381777E-03,+6.980032E-03
+1.459100E-03,-10.738561E-03,-2.959667E-03
+1.460550E-03,-15.492330E-03,-9.874240E-03
+1.462000E-03,-23.703385E-03,-18.949616E-03
+1.463450E-03,-12.467204E-03,-5.552632E-03
+1.464900E-03,-2.959667E-03,-5.120471E-03
+1.466350E-03,-10.306400E-03,-2.959667E-03
+1.467800E-03,-12.035044E-03,-16.788812E-03
+1.469250E-03,-13.763687E-03,-16.788812E-03
+1.470700E-03,-10.738561E-03,-17.653134E-03
+1.472150E-03,-23.703385E-03,-15.492330E-03
+1.473600E-03,+1.794102E-03,-5.120471E-03
+1.475050E-03,+3.954906E-03,+65.459E-06
+1.476500E-03,-1.663184E-03,-8.577757E-03
+1.477950E-03,-9.009918E-03,-24.135546E-03
+1.479400E-03,-9.874240E-03,-16.788812E-03
+1.480850E-03,-5.552632E-03,-12.467204E-03
+1.482300E-03,-17.653134E-03,-3.823988E-03
+1.483750E-03,-2.959667E-03,-2.959667E-03
+1.485200E-03,-7.281275E-03,-7.281275E-03
+1.486650E-03,-12.467204E-03,-5.552632E-03
+1.488100E-03,-9.874240E-03,-3.823988E-03
+1.489550E-03,-29.753636E-03,+3.954906E-03
+1.491000E-03,-23.703385E-03,-366.702E-06
+1.492450E-03,-30.617958E-03,-9.874240E-03
+1.493900E-03,-15.492330E-03,+3.090584E-03
+1.495350E-03,-22.406903E-03,-9.874240E-03
+1.496800E-03,-18.949616E-03,-16.788812E-03
+1.498250E-03,-16.788812E-03,-2.959667E-03
+1.499700E-03,-9.874240E-03,-3.823988E-03
+1.501150E-03,-10.306400E-03,+3.090584E-03
+1.502600E-03,-9.874240E-03,-9.874240E-03
+1.504050E-03,-23.703385E-03,-2.959667E-03
+1.505500E-03,-17.653134E-03,-9.874240E-03
+1.506950E-03,-9.874240E-03,-9.874240E-03
+1.508400E-03,-9.874240E-03,-2.959667E-03
+1.509850E-03,-2.959667E-03,+1.361941E-03
+1.511300E-03,-8.577757E-03,+3.090584E-03
+1.512750E-03,-16.788812E-03,-3.391828E-03
+1.514200E-03,-12.035044E-03,-34.939566E-03
+1.515650E-03,-27.592832E-03,-2.959667E-03
+1.517100E-03,-15.492330E-03,+3.954906E-03
+1.518550E-03,-9.874240E-03,-3.391828E-03
+1.520000E-03,-2.959667E-03,-16.788812E-03
+1.521450E-03,-2.959667E-03,-20.678260E-03
+1.522900E-03,-2.959667E-03,-8.577757E-03
+1.524350E-03,+3.090584E-03,-9.009918E-03
+1.525800E-03,-5.120471E-03,-9.874240E-03
+1.527250E-03,-5.552632E-03,-13.763687E-03
+1.528700E-03,-1.663184E-03,-16.788812E-03
+1.530150E-03,-3.391828E-03,-9.009918E-03
+1.531600E-03,-9.874240E-03,-7.281275E-03
+1.533050E-03,-20.678260E-03,-12.467204E-03
+1.534500E-03,-16.788812E-03,-9.874240E-03
+1.535950E-03,-17.220973E-03,+3.090584E-03
+1.537400E-03,-23.703385E-03,-9.874240E-03
+1.538850E-03,-8.577757E-03,-19.381777E-03
+1.540300E-03,-9.874240E-03,-2.959667E-03
+1.541750E-03,-9.874240E-03,-16.788812E-03
+1.543200E-03,-16.788812E-03,-16.788812E-03
+1.544650E-03,-9.874240E-03,-6.849114E-03
+1.546100E-03,-3.823988E-03,-15.492330E-03
+1.547550E-03,-16.788812E-03,+3.954906E-03
+1.549000E-03,-16.788812E-03,+1.794102E-03
+1.550450E-03,-2.959667E-03,-9.874240E-03
+1.551900E-03,-2.959667E-03,-9.874240E-03
+1.553350E-03,-16.788812E-03,-9.874240E-03
+1.554800E-03,-16.788812E-03,-25.864189E-03
+1.556250E-03,-16.788812E-03,-12.467204E-03
+1.557700E-03,-1.663184E-03,-10.738561E-03
+1.559150E-03,-3.823988E-03,-3.391828E-03
+1.560600E-03,-12.035044E-03,-9.874240E-03
+1.562050E-03,-20.678260E-03,-16.788812E-03
+1.563500E-03,-16.788812E-03,-22.406903E-03
+1.564950E-03,-16.788812E-03,-3.391828E-03
+1.566400E-03,-21.110420E-03,-14.195848E-03
+1.567850E-03,-16.788812E-03,-9.874240E-03
+1.569300E-03,-24.567707E-03,-3.823988E-03
+1.570750E-03,-16.788812E-03,+3.090584E-03
+1.572200E-03,-16.788812E-03,+3.954906E-03
+1.573650E-03,-23.703385E-03,-9.874240E-03
+1.575100E-03,-9.874240E-03,-10.738561E-03
+1.576550E-03,-3.391828E-03,-16.788812E-03
+1.578000E-03,-16.788812E-03,-12.035044E-03
+1.579450E-03,+1.361941E-03,-13.763687E-03
+1.580900E-03,-9.874240E-03,-8.577757E-03
+1.582350E-03,-16.788812E-03,-9.009918E-03
+1.583800E-03,-9.874240E-03,-16.788812E-03
+1.585250E-03,-5.552632E-03,-12.467204E-03
+1.586700E-03,-9.874240E-03,-8.577757E-03
+1.588150E-03,-16.788812E-03,-2.959667E-03
+1.589600E-03,-5.120471E-03,-7.281275E-03
+1.591050E-03,-23.703385E-03,+8.276514E-03
+1.592500E-03,-10.738561E-03,+3.090584E-03
+1.593950E-03,-3.391828E-03,+3.954906E-03
+1.595400E-03,-28.024993E-03,-9.874240E-03
+1.596850E-03,-16.788812E-03,-9.874240E-03
+1.598300E-03,-9.874240E-03,-2.959667E-03
+1.599750E-03,-9.009918E-03,-2.959667E-03
+1.601200E-03,-18.949616E-03,-2.959667E-03
+1.602650E-03,-13.763687E-03,-1.663184E-03
+1.604100E-03,-23.703385E-03,-2.959667E-03
+1.605550E-03,-9.874240E-03,-9.874240E-03
+1.607000E-03,-12.035044E-03,-2.959667E-03
+1.608450E-03,-5.552632E-03,-1.663184E-03
+1.609900E-03,-10.738561E-03,-16.788812E-03
+1.611350E-03,-9.874240E-03,-22.839064E-03
+1.612800E-03,-9.874240E-03,-16.788812E-03
+1.614250E-03,-19.381777E-03,-13.763687E-03
+1.615700E-03,-16.788812E-03,+3.090584E-03
+1.617150E-03,-9.874240E-03,+3.954906E-03
+1.618600E-03,-9.874240E-03,-7.281275E-03
+1.620050E-03,-19.381777E-03,+1.361941E-03
+1.621500E-03,-16.788812E-03,-15.492330E-03
+1.622950E-03,-15.924491E-03,-2.959667E-03
+1.624400E-03,+3.954906E-03,-18.949616E-03
+1.625850E-03,-13.763687E-03,-9.874240E-03
+1.627300E-03,-10.738561E-03,-9.874240E-03
+1.628750E-03,-8.577757E-03,-15.924491E-03
+1.630200E-03,-7.281275E-03,-7.281275E-03
+1.631650E-03,+65.459E-06,-5.552632E-03
+1.633100E-03,-9.874240E-03,-8.577757E-03
+1.634550E-03,-16.788812E-03,-10.306400E-03
+1.636000E-03,-16.788812E-03,-7.281275E-03
+1.637450E-03,-19.381777E-03,+65.459E-06
+1.638900E-03,-9.874240E-03,+3.954906E-03
+1.640350E-03,-9.874240E-03,+3.954906E-03
+1.641800E-03,-23.703385E-03,+3.954906E-03
+1.643250E-03,-16.788812E-03,-9.874240E-03
+1.644700E-03,-14.195848E-03,-23.703385E-03
+1.646150E-03,-15.924491E-03,-2.095345E-03
+1.647600E-03,+1.794102E-03,-5.120471E-03
+1.649050E-03,-16.788812E-03,-6.849114E-03
+1.650500E-03,-10.738561E-03,-3.823988E-03
+1.651950E-03,-8.577757E-03,-3.823988E-03
+1.653400E-03,-7.281275E-03,-23.703385E-03
+1.654850E-03,-16.788812E-03,+1.361941E-03
+1.656300E-03,-16.788812E-03,+10.869479E-03
+1.657750E-03,-15.924491E-03,+3.522745E-03
+1.659200E-03,-9.874240E-03,-9.874240E-03
+1.660650E-03,-10.738561E-03,-6.849114E-03
+1.662100E-03,-14.195848E-03,-21.110420E-03
+1.663550E-03,-3.391828E-03,-16.788812E-03
+1.665000E-03,-14.195848E-03,-12.035044E-03
+1.666450E-03,-16.788812E-03,-20.678260E-03
+1.667900E-03,-16.788812E-03,+3.090584E-03
+1.669350E-03,-9.009918E-03,-16.788812E-03
+1.670800E-03,-12.035044E-03,-9.874240E-03
+1.672250E-03,-12.467204E-03,-6.849114E-03
+1.673700E-03,-16.788812E-03,-9.874240E-03
+1.675150E-03,-17.220973E-03,-2.959667E-03
+1.676600E-03,-5.120471E-03,-16.788812E-03
+1.678050E-03,-2.959667E-03,-16.788812E-03
+1.679500E-03,-16.788812E-03,-8.577757E-03
+1.680950E-03,-16.788812E-03,-2.095345E-03
+1.682400E-03,-23.703385E-03,-2.959667E-03
+1.683850E-03,-16.788812E-03,-13.763687E-03
+1.685300E-03,-23.703385E-03,-24.567707E-03
+1.686750E-03,-24.135546E-03,-2.959667E-03
+1.688200E-03,-23.703385E-03,-12.035044E-03
+1.689650E-03,-9.874240E-03,-8.577757E-03
+1.691100E-03,-3.823988E-03,-9.874240E-03
+1.692550E-03,-9.874240E-03,-3.823988E-03
+1.694000E-03,-14.195848E-03,+3.954906E-03
+1.695450E-03,-9.874240E-03,+3.954906E-03
+1.696900E-03,-10.738561E-03,-10.738561E-03
+1.698350E-03,+3.522745E-03,-15.924491E-03
+1.699800E-03,-14.195848E-03,-2.959667E-03
+1.701250E-03,-6.849114E-03,-2.959667E-03
+1.702700E-03,+3.090584E-03,-2.959667E-03
+1.704150E-03,-15.924491E-03,-9.874240E-03
+1.705600E-03,-12.035044E-03,-9.874240E-03
+1.707050E-03,+1.361941E-03,-8.577757E-03
+1.708500E-03,-22.406903E-03,-16.788812E-03
+1.709950E-03,-16.788812E-03,-3.391828E-03
+1.711400E-03,-7.281275E-03,-9.874240E-03
+1.712850E-03,-13.763687E-03,-2.959667E-03
+1.714300E-03,-5.120471E-03,-1.663184E-03
+1.715750E-03,-9.009918E-03,-16.788812E-03
+1.717200E-03,-16.788812E-03,-21.110420E-03
+1.718650E-03,-8.577757E-03,-2.959667E-03
+1.720100E-03,-8.577757E-03,-1.663184E-03
+1.721550E-03,-9.009918E-03,-10.306400E-03
+1.723000E-03,-5.120471E-03,-7.281275E-03
+1.724450E-03,-19.381777E-03,-13.763687E-03
+1.725900E-03,+3.954906E-03,+3.954906E-03
+1.727350E-03,-3.391828E-03,-9.009918E-03
+1.728800E-03,-21.110420E-03,-5.120471E-03
+1.730250E-03,-16.788812E-03,-5.552632E-03
+1.731700E-03,-3.823988E-03,-9.874240E-03
+1.733150E-03,-15.492330E-03,-10.306400E-03
+1.734600E-03,-9.874240E-03,-9.874240E-03
+1.736050E-03,-16.788812E-03,-6.849114E-03
+1.737500E-03,-29.321476E-03,+3.954906E-03
+1.738950E-03,-22.839064E-03,+3.522745E-03
+1.740400E-03,-16.788812E-03,+1.794102E-03
+1.741850E-03,-12.467204E-03,-9.874240E-03
+1.743300E-03,-15.492330E-03,-8.577757E-03
+1.744750E-03,-15.924491E-03,-10.306400E-03
+1.746200E-03,-5.120471E-03,-2.959667E-03
+1.747650E-03,-6.849114E-03,-9.874240E-03
+1.749100E-03,-16.788812E-03,-2.959667E-03
+1.750550E-03,-9.009918E-03,-3.823988E-03
+1.752000E-03,-366.702E-06,-18.949616E-03
+1.753450E-03,-2.959667E-03,-9.874240E-03
+1.754900E-03,-16.788812E-03,-15.492330E-03
+1.756350E-03,-15.924491E-03,-17.220973E-03
+1.757800E-03,-12.035044E-03,-366.702E-06
+1.759250E-03,-13.763687E-03,-2.959667E-03
+1.760700E-03,-16.788812E-03,-9.874240E-03
+1.762150E-03,-29.753636E-03,-9.874240E-03
+1.763600E-03,-16.788812E-03,-7.281275E-03
+1.765050E-03,-16.788812E-03,-9.874240E-03
+1.766500E-03,-17.653134E-03,-9.874240E-03
+1.767950E-03,-2.959667E-03,-2.959667E-03
+1.769400E-03,-7.281275E-03,-9.874240E-03
+1.770850E-03,-23.703385E-03,-5.552632E-03
+1.772300E-03,-16.788812E-03,-2.959667E-03
+1.773750E-03,-16.788812E-03,-9.874240E-03
+1.775200E-03,+3.954906E-03,-9.874240E-03
+1.776650E-03,+1.361941E-03,-16.788812E-03
+1.778100E-03,-16.788812E-03,-1.663184E-03
+1.779550E-03,-3.391828E-03,-2.959667E-03
+1.781000E-03,-18.949616E-03,-12.035044E-03
+1.782450E-03,-16.788812E-03,-2.959667E-03
+1.783900E-03,-16.788812E-03,-1.663184E-03
+1.785350E-03,-29.753636E-03,+3.522745E-03
+1.786800E-03,-5.120471E-03,-14.195848E-03
+1.788250E-03,-30.617958E-03,-16.788812E-03
+1.789700E-03,-16.788812E-03,-10.738561E-03
+1.791150E-03,-17.220973E-03,-9.009918E-03
+1.792600E-03,-7.281275E-03,-7.281275E-03
+1.794050E-03,+65.459E-06,-9.874240E-03
+1.795500E-03,-8.577757E-03,-5.120471E-03
+1.796950E-03,-23.703385E-03,-2.959667E-03
+1.798400E-03,-2.959667E-03,-12.035044E-03
+1.799850E-03,-2.959667E-03,-16.788812E-03
+1.801300E-03,-29.321476E-03,-14.195848E-03
+1.802750E-03,-15.924491E-03,-3.391828E-03
+1.804200E-03,-5.120471E-03,+1.794102E-03
+1.805650E-03,-9.874240E-03,-16.788812E-03
+1.807100E-03,-9.874240E-03,-16.788812E-03
+1.808550E-03,-9.874240E-03,-16.788812E-03
+1.810000E-03,-16.788812E-03,-7.281275E-03
+1.811450E-03,-20.678260E-03,-13.763687E-03
+1.812900E-03,-24.567707E-03,-10.738561E-03
+1.814350E-03,-10.306400E-03,+3.522745E-03
+1.815800E-03,-25.864189E-03,-12.035044E-03
+1.817250E-03,-20.678260E-03,-9.874240E-03
+1.818700E-03,-23.703385E-03,-10.738561E-03
+1.820150E-03,-22.839064E-03,-2.959667E-03
+1.821600E-03,-366.702E-06,-7.281275E-03
+1.823050E-03,+65.459E-06,-6.849114E-03
+1.824500E-03,-5.120471E-03,-12.035044E-03
+1.825950E-03,-10.306400E-03,-9.874240E-03
+1.827400E-03,-12.035044E-03,-16.788812E-03
+1.828850E-03,-16.788812E-03,-16.788812E-03
+1.830300E-03,-10.738561E-03,-16.788812E-03
+1.831750E-03,-22.406903E-03,-9.874240E-03
+1.833200E-03,-7.281275E-03,-5.120471E-03
+1.834650E-03,-9.874240E-03,-19.381777E-03
+1.836100E-03,-9.874240E-03,+3.090584E-03
+1.837550E-03,-15.924491E-03,-9.874240E-03
+1.839000E-03,-14.195848E-03,-9.874240E-03
+1.840450E-03,-13.763687E-03,-6.849114E-03
+1.841900E-03,-15.492330E-03,-8.577757E-03
+1.843350E-03,-9.874240E-03,-10.306400E-03
+1.844800E-03,-5.120471E-03,-16.788812E-03
+1.846250E-03,-13.763687E-03,-24.567707E-03
+1.847700E-03,-15.492330E-03,-16.788812E-03
+1.849150E-03,+3.954906E-03,-10.306400E-03
+1.850600E-03,-18.949616E-03,-2.959667E-03
+1.852050E-03,-19.381777E-03,-12.467204E-03
+1.853500E-03,-30.617958E-03,-16.788812E-03
+1.854950E-03,-17.220973E-03,-9.874240E-03
+1.856400E-03,-14.195848E-03,-28.024993E-03
+1.857850E-03,-9.874240E-03,-9.874240E-03
+1.859300E-03,-23.703385E-03,-15.492330E-03
+1.860750E-03,-22.406903E-03,-3.391828E-03
+1.862200E-03,-14.195848E-03,-21.110420E-03
+1.863650E-03,-13.763687E-03,-6.849114E-03
+1.865100E-03,-1.663184E-03,-9.874240E-03
+1.866550E-03,-2.959667E-03,-3.391828E-03
+1.868000E-03,-14.195848E-03,-9.874240E-03
+1.869450E-03,-9.874240E-03,-9.874240E-03
+1.870900E-03,-9.874240E-03,-22.406903E-03
+1.872350E-03,-22.839064E-03,-22.839064E-03
+1.873800E-03,-14.195848E-03,-12.035044E-03
+1.875250E-03,-12.467204E-03,-19.381777E-03
+1.876700E-03,-9.874240E-03,-3.823988E-03
+1.878150E-03,-16.788812E-03,-16.788812E-03
+1.879600E-03,-9.874240E-03,-2.959667E-03
+1.881050E-03,+3.954906E-03,-9.874240E-03
+1.882500E-03,+3.090584E-03,-17.653134E-03
+1.883950E-03,-10.306400E-03,-15.924491E-03
+1.885400E-03,-7.281275E-03,-12.035044E-03
+1.886850E-03,-16.788812E-03,-5.552632E-03
+1.888300E-03,+1.794102E-03,-16.788812E-03
+1.889750E-03,-2.959667E-03,-16.788812E-03
+1.891200E-03,-9.874240E-03,-18.949616E-03
+1.892650E-03,-16.788812E-03,-12.467204E-03
+1.894100E-03,-16.788812E-03,-10.738561E-03
+1.895550E-03,-2.959667E-03,+3.954906E-03
+1.897000E-03,-9.874240E-03,-2.959667E-03
+1.898450E-03,-12.467204E-03,-23.703385E-03
+1.899900E-03,-2.959667E-03,-16.788812E-03
+1.901350E-03,-16.788812E-03,-15.492330E-03
+1.902800E-03,-18.949616E-03,-366.702E-06
+1.904250E-03,-26.296350E-03,-9.874240E-03
+1.905700E-03,-15.492330E-03,-2.959667E-03
+1.907150E-03,-9.874240E-03,-9.874240E-03
+1.908600E-03,-18.949616E-03,-5.120471E-03
+1.910050E-03,-9.874240E-03,-9.874240E-03
+1.911500E-03,-15.492330E-03,-9.874240E-03
+1.912950E-03,-9.874240E-03,+10.869479E-03
+1.914400E-03,-9.874240E-03,-5.120471E-03
+1.915850E-03,-17.653134E-03,-10.738561E-03
+1.917300E-03,-16.788812E-03,-9.874240E-03
+1.918750E-03,-2.959667E-03,-16.788812E-03
+1.920200E-03,-9.874240E-03,-14.195848E-03
+1.921650E-03,-16.788812E-03,-9.874240E-03
+1.923100E-03,-3.823988E-03,+3.090584E-03
+1.924550E-03,-10.306400E-03,-10.306400E-03
+1.926000E-03,-14.195848E-03,-21.110420E-03
+1.927450E-03,-30.617958E-03,-2.959667E-03
+1.928900E-03,-15.492330E-03,+3.954906E-03
+1.930350E-03,-9.874240E-03,+3.954906E-03
+1.931800E-03,+1.794102E-03,-366.702E-06
+1.933250E-03,-16.788812E-03,-2.959667E-03
+1.934700E-03,-23.703385E-03,+3.090584E-03
+1.936150E-03,-10.306400E-03,-3.391828E-03
+1.937600E-03,-2.959667E-03,-14.195848E-03
+1.939050E-03,-6.849114E-03,-16.788812E-03
+1.940500E-03,-2.959667E-03,-2.959667E-03
+1.941950E-03,-22.839064E-03,-9.009918E-03
+1.943400E-03,-2.959667E-03,-5.120471E-03
+1.944850E-03,-6.849114E-03,-9.874240E-03
+1.946300E-03,-2.959667E-03,-9.874240E-03
+1.947750E-03,-16.788812E-03,-3.391828E-03
+1.949200E-03,-12.035044E-03,+1.794102E-03
+1.950650E-03,-12.467204E-03,-5.552632E-03
+1.952100E-03,-5.120471E-03,-15.492330E-03
+1.953550E-03,-16.788812E-03,-2.959667E-03
+1.955000E-03,-30.617958E-03,+1.794102E-03
+1.956450E-03,-9.874240E-03,-5.552632E-03
+1.957900E-03,-15.492330E-03,-2.959667E-03
+1.959350E-03,-23.703385E-03,-10.306400E-03
+1.960800E-03,-23.703385E-03,+3.954906E-03
+1.962250E-03,-16.788812E-03,-2.959667E-03
+1.963700E-03,-23.703385E-03,-3.823988E-03
+1.965150E-03,-16.788812E-03,-16.788812E-03
+1.966600E-03,-16.788812E-03,-21.110420E-03
+1.968050E-03,-13.763687E-03,-6.849114E-03
+1.969500E-03,-16.788812E-03,-8.577757E-03
+1.970950E-03,-29.753636E-03,-9.009918E-03
+1.972400E-03,-14.195848E-03,-7.281275E-03
+1.973850E-03,-9.874240E-03,-2.959667E-03
+1.975300E-03,-15.492330E-03,-2.959667E-03
+1.976750E-03,-10.306400E-03,-3.391828E-03
+1.978200E-03,-16.788812E-03,-9.874240E-03
+1.979650E-03,-2.959667E-03,-2.959667E-03
+1.981100E-03,-2.959667E-03,+3.090584E-03
+1.982550E-03,-3.823988E-03,-2.959667E-03
+1.984000E-03,-18.949616E-03,-12.035044E-03
+1.985450E-03,-20.678260E-03,-2.959667E-03
+1.986900E-03,-10.738561E-03,-17.653134E-03
+1.988350E-03,-10.306400E-03,-15.924491E-03
+1.989800E-03,-12.035044E-03,-2.959667E-03
+1.991250E-03,-9.874240E-03,-6.849114E-03
+1.992700E-03,+1.794102E-03,-9.874240E-03
+1.994150E-03,-16.788812E-03,-9.874240E-03
+1.995600E-03,-14.195848E-03,-366.702E-06
+1.997050E-03,-23.703385E-03,-13.763687E-03
+1.998500E-03,-15.492330E-03,-2.959667E-03
+1.999950E-03,-16.788812E-03,-16.788812E-03
+2.001400E-03,-21.110420E-03,-18.949616E-03
+2.002850E-03,-13.763687E-03,-2.959667E-03
+2.004300E-03,+3.954906E-03,-8.577757E-03
+2.005750E-03,-16.788812E-03,-2.959667E-03
+2.007200E-03,-18.949616E-03,+1.794102E-03
+2.008650E-03,-19.381777E-03,-12.467204E-03
+2.010100E-03,-9.874240E-03,-9.874240E-03
+2.011550E-03,-10.738561E-03,+3.522745E-03
+2.013000E-03,-5.120471E-03,-16.788812E-03
+2.014450E-03,-13.763687E-03,-6.849114E-03
+2.015900E-03,-16.788812E-03,-8.577757E-03
+2.017350E-03,-3.391828E-03,+3.954906E-03
+2.018800E-03,+1.794102E-03,-5.120471E-03
+2.020250E-03,-2.959667E-03,-6.849114E-03
+2.021700E-03,-8.577757E-03,-9.874240E-03
+2.023150E-03,-16.788812E-03,-2.095345E-03
+2.024600E-03,-7.281275E-03,-9.874240E-03
+2.026050E-03,-6.849114E-03,-5.552632E-03
+2.027500E-03,-15.492330E-03,-2.959667E-03
+2.028950E-03,-17.220973E-03,+3.954906E-03
+2.030400E-03,-9.874240E-03,-2.959667E-03
+2.031850E-03,-6.849114E-03,-2.959667E-03
+2.033300E-03,-16.788812E-03,-16.788812E-03
+2.034750E-03,-9.874240E-03,-17.220973E-03
+2.036200E-03,-5.120471E-03,+1.794102E-03
+2.037650E-03,-2.959667E-03,-12.467204E-03
+2.039100E-03,-15.492330E-03,+3.090584E-03
+2.040550E-03,-16.788812E-03,-10.306400E-03
+2.042000E-03,-16.788812E-03,-18.949616E-03
+2.043450E-03,-9.874240E-03,-26.296350E-03
+2.044900E-03,-15.492330E-03,-24.567707E-03
+2.046350E-03,-10.306400E-03,-10.306400E-03
+2.047800E-03,-18.949616E-03,-21.110420E-03
+2.049250E-03,-16.788812E-03,-2.959667E-03
+2.050700E-03,-9.874240E-03,-3.823988E-03
+2.052150E-03,-9.009918E-03,-2.959667E-03
+2.053600E-03,-12.035044E-03,+6.547871E-03
+2.055050E-03,-14.628008E-03,-5.552632E-03
+2.056500E-03,-8.577757E-03,-2.959667E-03
+2.057950E-03,-22.839064E-03,-9.874240E-03
+2.059400E-03,-18.949616E-03,-16.788812E-03
+2.060850E-03,-9.874240E-03,-5.552632E-03
+2.062300E-03,-16.788812E-03,-22.406903E-03
+2.063750E-03,-9.874240E-03,-3.391828E-03
+2.065200E-03,-9.874240E-03,-12.035044E-03
+2.066650E-03,-9.874240E-03,-9.874240E-03
+2.068100E-03,-17.653134E-03,-16.788812E-03
+2.069550E-03,-10.306400E-03,-30.617958E-03
+2.071000E-03,+3.954906E-03,-14.195848E-03
+2.072450E-03,+65.459E-06,-5.552632E-03
+2.073900E-03,-16.788812E-03,-8.577757E-03
+2.075350E-03,-10.306400E-03,+3.522745E-03
+2.076800E-03,-5.120471E-03,-9.874240E-03
+2.078250E-03,+1.361941E-03,-6.849114E-03
+2.079700E-03,-10.738561E-03,-9.874240E-03
+2.081150E-03,-9.874240E-03,-2.959667E-03
+2.082600E-03,-9.874240E-03,+3.954906E-03
+2.084050E-03,-13.763687E-03,-6.849114E-03
+2.085500E-03,-22.406903E-03,-9.874240E-03
+2.086950E-03,-9.009918E-03,-10.306400E-03
+2.088400E-03,-9.874240E-03,-7.281275E-03
+2.089850E-03,-9.874240E-03,-5.552632E-03
+2.091300E-03,-16.788812E-03,-8.577757E-03
+2.092750E-03,-16.788812E-03,-16.788812E-03
+2.094200E-03,-16.788812E-03,-9.874240E-03
+2.095650E-03,-16.788812E-03,-30.617958E-03
+2.097100E-03,-1.663184E-03,+1.794102E-03
+2.098550E-03,-9.874240E-03,-9.874240E-03
+2.100000E-03,-5.120471E-03,-12.035044E-03
+2.101450E-03,-12.467204E-03,-1.663184E-03
+2.102900E-03,-9.874240E-03,-2.959667E-03
+2.104350E-03,-3.391828E-03,-2.959667E-03
+2.105800E-03,-18.949616E-03,-9.874240E-03
+2.107250E-03,-24.567707E-03,-13.763687E-03
+2.108700E-03,-18.949616E-03,-16.788812E-03
+2.110150E-03,-17.220973E-03,-2.959667E-03
+2.111600E-03,-12.035044E-03,-2.959667E-03
+2.113050E-03,-9.874240E-03,-5.552632E-03
+2.114500E-03,-15.492330E-03,-2.959667E-03
+2.115950E-03,-22.839064E-03,-15.924491E-03
+2.117400E-03,-366.702E-06,-12.035044E-03
+2.118850E-03,-16.788812E-03,-9.874240E-03
+2.120300E-03,-9.874240E-03,-9.874240E-03
+2.121750E-03,-2.959667E-03,-16.788812E-03
+2.123200E-03,-16.788812E-03,-9.874240E-03
+2.124650E-03,-13.763687E-03,-2.959667E-03
+2.126100E-03,-3.823988E-03,-14.195848E-03
+2.127550E-03,-9.874240E-03,+3.954906E-03
+2.129000E-03,-14.195848E-03,-7.281275E-03
+2.130450E-03,-3.823988E-03,-2.959667E-03
+2.131900E-03,+3.090584E-03,-3.823988E-03
+2.133350E-03,-9.009918E-03,-2.095345E-03
+2.134800E-03,-12.035044E-03,-2.959667E-03
+2.136250E-03,-9.874240E-03,-5.552632E-03
+2.137700E-03,-9.874240E-03,-9.874240E-03
+2.139150E-03,-10.306400E-03,+3.090584E-03
+2.140600E-03,-7.281275E-03,-21.110420E-03
+2.142050E-03,-9.874240E-03,-20.678260E-03
+2.143500E-03,-22.406903E-03,-17.653134E-03
+2.144950E-03,-15.924491E-03,-3.391828E-03
+2.146400E-03,-23.703385E-03,+1.794102E-03
+2.147850E-03,-5.552632E-03,+3.954906E-03
+2.149300E-03,+5.251388E-03,-10.738561E-03
+2.150750E-03,-16.788812E-03,-10.306400E-03
+2.152200E-03,-16.788812E-03,-9.874240E-03
+2.153650E-03,-23.703385E-03,-2.959667E-03
+2.155100E-03,-17.653134E-03,-8.577757E-03
+2.156550E-03,-16.788812E-03,-10.306400E-03
+2.158000E-03,-18.949616E-03,-5.120471E-03
+2.159450E-03,-16.788812E-03,-12.467204E-03
+2.160900E-03,-15.492330E-03,-15.492330E-03
+2.162350E-03,-17.220973E-03,-9.874240E-03
+2.163800E-03,-18.949616E-03,-5.120471E-03
+2.165250E-03,-8.577757E-03,-5.552632E-03
+2.166700E-03,-17.653134E-03,-10.738561E-03
+2.168150E-03,-29.321476E-03,-3.391828E-03
+2.169600E-03,-16.788812E-03,-12.035044E-03
+2.171050E-03,-16.788812E-03,-10.738561E-03
+2.172500E-03,-9.874240E-03,-8.577757E-03
+2.173950E-03,-10.306400E-03,-9.009918E-03
+2.175400E-03,-16.788812E-03,-5.120471E-03
+2.176850E-03,-5.552632E-03,-9.874240E-03
+2.178300E-03,-22.406903E-03,+3.954906E-03
+2.179750E-03,-3.391828E-03,-2.959667E-03
+2.181200E-03,+3.954906E-03,-9.874240E-03
+2.182650E-03,-5.552632E-03,-19.381777E-03
+2.184100E-03,-29.321476E-03,-16.788812E-03
+2.185550E-03,-24.135546E-03,-9.874240E-03
+2.187000E-03,-14.195848E-03,+3.954906E-03
+2.188450E-03,-15.492330E-03,-16.788812E-03
+2.189900E-03,-23.703385E-03,-7.281275E-03
+2.191350E-03,-16.788812E-03,-2.959667E-03
+2.192800E-03,-2.959667E-03,-14.195848E-03
+2.194250E-03,-5.552632E-03,-16.788812E-03
+2.195700E-03,-23.703385E-03,-23.703385E-03
+2.197150E-03,-10.738561E-03,+4.819228E-03
+2.198600E-03,-21.110420E-03,-2.959667E-03
+2.200050E-03,-8.577757E-03,-9.874240E-03
+2.201500E-03,-16.788812E-03,-2.959667E-03
+2.202950E-03,-16.788812E-03,-9.874240E-03
+2.204400E-03,-9.874240E-03,-9.874240E-03
+2.205850E-03,-5.552632E-03,+1.361941E-03
+2.207300E-03,-9.874240E-03,-3.823988E-03
+2.208750E-03,+3.954906E-03,-16.788812E-03
+2.210200E-03,-16.788812E-03,-2.959667E-03
+2.211650E-03,-23.703385E-03,-9.874240E-03
+2.213100E-03,+3.090584E-03,-10.738561E-03
+2.214550E-03,+3.522745E-03,-9.009918E-03
+2.216000E-03,-366.702E-06,-18.949616E-03
+2.217450E-03,-2.959667E-03,+3.954906E-03
+2.218900E-03,-23.703385E-03,-8.577757E-03
+2.220350E-03,-2.959667E-03,-15.924491E-03
+2.221800E-03,-5.120471E-03,-12.035044E-03
+2.223250E-03,-5.552632E-03,-22.406903E-03
+2.224700E-03,+3.090584E-03,-17.653134E-03
+2.226150E-03,-4.256149E-03,+3.954906E-03
+2.227600E-03,-9.874240E-03,-2.959667E-03
+2.229050E-03,-6.849114E-03,-5.552632E-03
+2.230500E-03,-8.577757E-03,-2.959667E-03
+2.231950E-03,-9.874240E-03,-17.220973E-03
+2.233400E-03,-9.874240E-03,-7.281275E-03
+2.234850E-03,-19.381777E-03,-19.381777E-03
+2.236300E-03,-3.823988E-03,-3.823988E-03
+2.237750E-03,-16.788812E-03,-2.959667E-03
+2.239200E-03,-16.788812E-03,-16.788812E-03
+2.240650E-03,-16.788812E-03,-5.552632E-03
+2.242100E-03,-22.406903E-03,-22.406903E-03
+2.243550E-03,-2.959667E-03,-16.788812E-03
+2.245000E-03,-21.110420E-03,-7.281275E-03
+2.246450E-03,-27.592832E-03,-12.467204E-03
+2.247900E-03,-22.406903E-03,-2.959667E-03
+2.249350E-03,-22.839064E-03,-3.391828E-03
+2.250800E-03,-21.110420E-03,-2.959667E-03
+2.252250E-03,-15.492330E-03,+65.459E-06
+2.253700E-03,-3.823988E-03,-3.823988E-03
+2.255150E-03,-15.924491E-03,-16.788812E-03
+2.256600E-03,-23.703385E-03,-16.788812E-03
+2.258050E-03,+1.361941E-03,-9.874240E-03
+2.259500E-03,-9.874240E-03,-16.788812E-03
+2.260950E-03,-2.959667E-03,-23.703385E-03
+2.262400E-03,-12.035044E-03,-12.035044E-03
+2.263850E-03,-16.788812E-03,+65.459E-06
+2.265300E-03,-9.874240E-03,-9.874240E-03
+2.266750E-03,-10.306400E-03,-9.874240E-03
+2.268200E-03,-16.788812E-03,-2.959667E-03
+2.269650E-03,-2.959667E-03,-9.874240E-03
+2.271100E-03,-8.577757E-03,-3.823988E-03
+2.272550E-03,-22.406903E-03,-10.306400E-03
+2.274000E-03,-28.024993E-03,-16.788812E-03
+2.275450E-03,-15.492330E-03,-16.788812E-03
+2.276900E-03,-16.788812E-03,-9.874240E-03
+2.278350E-03,-9.874240E-03,-16.788812E-03
+2.279800E-03,-12.035044E-03,-18.949616E-03
+2.281250E-03,+1.361941E-03,-12.467204E-03
+2.282700E-03,+3.090584E-03,-23.703385E-03
+2.284150E-03,+3.954906E-03,-3.391828E-03
+2.285600E-03,-2.959667E-03,-366.702E-06
+2.287050E-03,-20.678260E-03,-9.874240E-03
+2.288500E-03,-23.703385E-03,-16.788812E-03
+2.289950E-03,-24.135546E-03,-2.959667E-03
+2.291400E-03,-18.949616E-03,+3.954906E-03
+2.292850E-03,-9.874240E-03,-2.959667E-03
+2.294300E-03,-9.874240E-03,-16.788812E-03
+2.295750E-03,-16.788812E-03,-10.306400E-03
+2.297200E-03,-16.788812E-03,-7.281275E-03
+2.298650E-03,-9.874240E-03,-9.874240E-03
+2.300100E-03,-9.874240E-03,-10.738561E-03
+2.301550E-03,-16.788812E-03,-3.391828E-03
+2.303000E-03,-366.702E-06,-9.874240E-03
+2.304450E-03,-20.678260E-03,-9.874240E-03
+2.305900E-03,-8.577757E-03,-2.959667E-03
+2.307350E-03,-16.788812E-03,-3.391828E-03
+2.308800E-03,-12.035044E-03,-21.110420E-03
+2.310250E-03,-9.874240E-03,-16.788812E-03
+2.311700E-03,-23.703385E-03,-9.874240E-03
+2.313150E-03,-16.788812E-03,-9.009918E-03
+2.314600E-03,-16.788812E-03,-5.120471E-03
+2.316050E-03,+1.361941E-03,-12.467204E-03
+2.317500E-03,-15.492330E-03,-8.577757E-03
+2.318950E-03,-9.874240E-03,-30.617958E-03
+2.320400E-03,-9.874240E-03,-12.035044E-03
+2.321850E-03,-12.467204E-03,-16.788812E-03
+2.323300E-03,-9.874240E-03,-10.738561E-03
+2.324750E-03,-3.391828E-03,-9.874240E-03
+2.326200E-03,-9.874240E-03,-12.035044E-03
+2.327650E-03,-9.874240E-03,-16.788812E-03
+2.329100E-03,-17.653134E-03,-22.406903E-03
+2.330550E-03,-16.788812E-03,-2.959667E-03
+2.332000E-03,+3.954906E-03,-366.702E-06
+2.333450E-03,-9.874240E-03,-6.849114E-03
+2.334900E-03,-10.738561E-03,-2.959667E-03
+2.336350E-03,-9.874240E-03,-9.009918E-03
+2.337800E-03,-18.949616E-03,+3.954906E-03
+2.339250E-03,-16.788812E-03,-12.467204E-03
+2.340700E-03,-16.788812E-03,-8.577757E-03
+2.342150E-03,-16.788812E-03,-15.924491E-03
+2.343600E-03,-14.195848E-03,-2.959667E-03
+2.345050E-03,-2.959667E-03,-9.874240E-03
+2.346500E-03,-9.874240E-03,-9.874240E-03
+2.347950E-03,-17.220973E-03,-17.220973E-03
+2.349400E-03,-18.949616E-03,-366.702E-06
+2.350850E-03,-12.467204E-03,-2.959667E-03
+2.352300E-03,-16.788812E-03,+3.954906E-03
+2.353750E-03,-15.924491E-03,-2.959667E-03
+2.355200E-03,-16.788812E-03,+3.954906E-03
+2.356650E-03,-9.874240E-03,-16.788812E-03
+2.358100E-03,-9.874240E-03,-1.663184E-03
+2.359550E-03,-2.095345E-03,-9.874240E-03
+2.361000E-03,-16.788812E-03,-5.120471E-03
+2.362450E-03,-6.849114E-03,-6.849114E-03
+2.363900E-03,-9.874240E-03,+3.090584E-03
+2.365350E-03,-17.220973E-03,-9.874240E-03
+2.366800E-03,-5.120471E-03,-2.959667E-03
+2.368250E-03,-16.788812E-03,-9.874240E-03
+2.369700E-03,-16.788812E-03,-8.577757E-03
+2.371150E-03,-15.924491E-03,-9.009918E-03
+2.372600E-03,-16.788812E-03,-2.959667E-03
+2.374050E-03,+1.361941E-03,-2.959667E-03
+2.375500E-03,+3.954906E-03,-8.577757E-03
+2.376950E-03,+3.954906E-03,-2.095345E-03
+2.378400E-03,-7.281275E-03,-5.120471E-03
+2.379850E-03,-16.788812E-03,+65.459E-06
+2.381300E-03,-8.577757E-03,-3.823988E-03
+2.382750E-03,-9.874240E-03,-9.874240E-03
+2.384200E-03,-5.120471E-03,-14.195848E-03
+2.385650E-03,-20.678260E-03,-2.959667E-03
+2.387100E-03,-23.703385E-03,-9.874240E-03
+2.388550E-03,-10.306400E-03,-2.959667E-03
+2.390000E-03,-7.281275E-03,-2.959667E-03
+2.391450E-03,-30.617958E-03,-9.874240E-03
+2.392900E-03,-1.663184E-03,+3.090584E-03
+2.394350E-03,-9.874240E-03,-9.874240E-03
+2.395800E-03,-14.195848E-03,-9.874240E-03
+2.397250E-03,-13.763687E-03,-2.959667E-03
+2.398700E-03,-15.492330E-03,-2.959667E-03
+2.400150E-03,-22.839064E-03,-9.009918E-03
+2.401600E-03,-23.703385E-03,-2.959667E-03
+2.403050E-03,-9.874240E-03,-2.959667E-03
+2.404500E-03,-8.577757E-03,-2.959667E-03
+2.405950E-03,-17.220973E-03,-22.406903E-03
+2.407400E-03,-16.788812E-03,-12.035044E-03
+2.408850E-03,-12.467204E-03,-19.381777E-03
+2.410300E-03,-16.788812E-03,-22.406903E-03
+2.411750E-03,-3.391828E-03,-9.874240E-03
+2.413200E-03,-9.874240E-03,-9.874240E-03
+2.414650E-03,-6.849114E-03,-9.874240E-03
+2.416100E-03,-16.788812E-03,-16.788812E-03
+2.417550E-03,-16.788812E-03,-9.009918E-03
+2.419000E-03,-14.195848E-03,-9.874240E-03
+2.420450E-03,-15.492330E-03,-16.788812E-03
+2.421900E-03,-2.959667E-03,+3.090584E-03
+2.423350E-03,-3.391828E-03,-16.788812E-03
+2.424800E-03,-9.874240E-03,-14.195848E-03
+2.426250E-03,-12.467204E-03,-9.874240E-03
+2.427700E-03,+3.954906E-03,-28.024993E-03
+2.429150E-03,-9.874240E-03,-10.306400E-03
+2.430600E-03,-18.949616E-03,-5.120471E-03
+2.432050E-03,-30.617958E-03,-9.874240E-03
+2.433500E-03,-17.653134E-03,-9.874240E-03
+2.434950E-03,-22.839064E-03,-9.874240E-03
+2.436400E-03,-9.874240E-03,-5.120471E-03
+2.437850E-03,-9.874240E-03,-5.552632E-03
+2.439300E-03,-22.406903E-03,-15.492330E-03
+2.440750E-03,-10.738561E-03,-2.959667E-03
+2.442200E-03,-9.874240E-03,-9.874240E-03
+2.443650E-03,-23.703385E-03,+1.361941E-03
+2.445100E-03,-17.653134E-03,+1.794102E-03
+2.446550E-03,-10.306400E-03,+3.954906E-03
+2.448000E-03,-18.949616E-03,-12.035044E-03
+2.449450E-03,-20.678260E-03,-23.703385E-03
+2.450900E-03,-16.788812E-03,-2.959667E-03
+2.452350E-03,-9.874240E-03,+3.954906E-03
+2.453800E-03,-5.120471E-03,-5.120471E-03
+2.455250E-03,-13.763687E-03,-16.788812E-03
+2.456700E-03,-9.874240E-03,-5.120471E-03
+2.458150E-03,-17.220973E-03,-2.959667E-03
+2.459600E-03,-5.120471E-03,+3.954906E-03
+2.461050E-03,+3.954906E-03,-6.849114E-03
+2.462500E-03,-21.110420E-03,-8.577757E-03
+2.463950E-03,-30.617958E-03,-16.788812E-03
+2.465400E-03,-12.035044E-03,-9.874240E-03
+2.466850E-03,-9.874240E-03,-13.763687E-03
+2.468300E-03,-15.492330E-03,-1.663184E-03
+2.469750E-03,-9.874240E-03,-9.009918E-03
+2.471200E-03,-5.120471E-03,-9.874240E-03
+2.472650E-03,-2.959667E-03,-20.678260E-03
+2.474100E-03,-16.788812E-03,-9.874240E-03
+2.475550E-03,+3.522745E-03,-3.823988E-03
+2.477000E-03,-2.959667E-03,+1.794102E-03
+2.478450E-03,-6.849114E-03,+1.361941E-03
+2.479900E-03,-10.738561E-03,-8.577757E-03
+2.481350E-03,-3.391828E-03,-2.959667E-03
+2.482800E-03,-21.110420E-03,-5.120471E-03
+2.484250E-03,-2.959667E-03,-16.788812E-03
+2.485700E-03,-8.577757E-03,-10.738561E-03
+2.487150E-03,-9.874240E-03,-9.009918E-03
+2.488600E-03,-2.959667E-03,-2.959667E-03
+2.490050E-03,-20.678260E-03,+3.954906E-03
+2.491500E-03,-10.738561E-03,-16.788812E-03
+2.492950E-03,+3.954906E-03,+3.954906E-03
+2.494400E-03,-5.120471E-03,-2.959667E-03
+2.495850E-03,-27.592832E-03,-16.788812E-03
+2.497300E-03,-23.703385E-03,-9.874240E-03
+2.498750E-03,-10.738561E-03,-16.788812E-03
+2.500200E-03,-16.788812E-03,-2.959667E-03
+2.501650E-03,-12.467204E-03,+3.954906E-03
+2.503100E-03,-9.874240E-03,-10.738561E-03
+2.504550E-03,-16.788812E-03,-16.788812E-03
+2.506000E-03,-16.788812E-03,-5.120471E-03
+2.507450E-03,-20.678260E-03,-13.763687E-03
+2.508900E-03,-8.577757E-03,-10.738561E-03
+2.510350E-03,-15.924491E-03,-23.703385E-03
+2.511800E-03,-9.874240E-03,-2.959667E-03
+2.513250E-03,-2.959667E-03,-9.874240E-03
+2.514700E-03,-15.492330E-03,-2.959667E-03
+2.516150E-03,-16.788812E-03,+10.869479E-03
+2.517600E-03,-21.110420E-03,+3.954906E-03
+2.519050E-03,-20.678260E-03,-5.552632E-03
+2.520500E-03,-9.874240E-03,-17.653134E-03
+2.521950E-03,-16.788812E-03,+3.090584E-03
+2.523400E-03,-16.788812E-03,-9.874240E-03
+2.524850E-03,-9.874240E-03,-2.959667E-03
+2.526300E-03,-10.738561E-03,-3.823988E-03
+2.527750E-03,-23.703385E-03,-23.703385E-03
+2.529200E-03,-30.617958E-03,-14.195848E-03
+2.530650E-03,-20.678260E-03,-16.788812E-03
+2.532100E-03,-16.788812E-03,-16.788812E-03
+2.533550E-03,-16.788812E-03,-2.959667E-03
+2.535000E-03,-7.281275E-03,-7.281275E-03
+2.536450E-03,+8.276514E-03,-2.959667E-03
+2.537900E-03,-1.663184E-03,-9.874240E-03
+2.539350E-03,-2.959667E-03,-10.306400E-03
+2.540800E-03,-7.281275E-03,-23.703385E-03
+2.542250E-03,-13.763687E-03,-23.703385E-03
+2.543700E-03,-16.788812E-03,-10.738561E-03
+2.545150E-03,-15.924491E-03,-15.924491E-03
+2.546600E-03,-2.959667E-03,-5.120471E-03
+2.548050E-03,-13.763687E-03,-9.874240E-03
+2.549500E-03,-16.788812E-03,-8.577757E-03
+2.550950E-03,-9.874240E-03,-3.391828E-03
+2.552400E-03,-7.281275E-03,-14.195848E-03
+2.553850E-03,-20.678260E-03,-6.849114E-03
+2.555300E-03,-16.788812E-03,-2.959667E-03
+2.556750E-03,-2.959667E-03,-10.306400E-03
+2.558200E-03,-5.120471E-03,-23.703385E-03
+2.559650E-03,-6.849114E-03,-24.567707E-03
+2.561100E-03,-16.788812E-03,-16.788812E-03
+2.562550E-03,-9.874240E-03,-2.959667E-03
+2.564000E-03,-16.788812E-03,-14.195848E-03
+2.565450E-03,-20.678260E-03,-16.788812E-03
+2.566900E-03,-9.874240E-03,-2.959667E-03
+2.568350E-03,-3.391828E-03,+3.954906E-03
+2.569800E-03,-18.949616E-03,-9.874240E-03
+2.571250E-03,-12.467204E-03,-23.703385E-03
+2.572700E-03,-16.788812E-03,-22.406903E-03
+2.574150E-03,-22.839064E-03,+3.954906E-03
+2.575600E-03,-18.949616E-03,+8.708675E-03
+2.577050E-03,-5.552632E-03,-2.959667E-03
+2.578500E-03,-16.788812E-03,-9.874240E-03
+2.579950E-03,-9.009918E-03,-3.391828E-03
+2.581400E-03,-7.281275E-03,-14.195848E-03
+2.582850E-03,-2.959667E-03,-16.788812E-03
+2.584300E-03,-1.663184E-03,-17.653134E-03
+2.585750E-03,-16.788812E-03,-16.788812E-03
+2.587200E-03,-12.035044E-03,-5.120471E-03
+2.588650E-03,-5.552632E-03,-12.467204E-03
+2.590100E-03,-8.577757E-03,-17.653134E-03
+2.591550E-03,-9.874240E-03,-2.959667E-03
+2.593000E-03,-9.874240E-03,-2.959667E-03
+2.594450E-03,-19.381777E-03,-6.849114E-03
+2.595900E-03,-16.788812E-03,+3.090584E-03
+2.597350E-03,-24.135546E-03,-16.788812E-03
+2.598800E-03,-21.110420E-03,-7.281275E-03
+2.600250E-03,-6.849114E-03,-6.849114E-03
+2.601700E-03,-9.874240E-03,-15.492330E-03
+2.603150E-03,-2.959667E-03,-9.009918E-03
+2.604600E-03,-18.949616E-03,+6.547871E-03
+2.606050E-03,-12.467204E-03,-9.874240E-03
+2.607500E-03,-10.738561E-03,+3.090584E-03
+2.608950E-03,-15.924491E-03,-9.009918E-03
+2.610400E-03,-23.703385E-03,-9.874240E-03
+2.611850E-03,-20.678260E-03,-13.763687E-03
+2.613300E-03,-10.738561E-03,-22.406903E-03
+2.614750E-03,-10.306400E-03,-3.391828E-03
+2.616200E-03,-30.617958E-03,-9.874240E-03
+2.617650E-03,-30.617958E-03,-9.874240E-03
+2.619100E-03,+3.954906E-03,+1.794102E-03
+2.620550E-03,-1.663184E-03,-2.959667E-03
+2.622000E-03,+1.794102E-03,+8.708675E-03
+2.623450E-03,-16.788812E-03,+8.276514E-03
+2.624900E-03,-16.788812E-03,-8.577757E-03
+2.626350E-03,-17.220973E-03,-10.306400E-03
+2.627800E-03,-12.035044E-03,-9.874240E-03
+2.629250E-03,-16.788812E-03,-16.788812E-03
+2.630700E-03,-15.492330E-03,-17.653134E-03
+2.632150E-03,-16.788812E-03,-16.788812E-03
+2.633600E-03,-18.949616E-03,-9.874240E-03
+2.635050E-03,-23.703385E-03,-6.849114E-03
+2.636500E-03,-9.874240E-03,-2.959667E-03
+2.637950E-03,-16.788812E-03,+3.522745E-03
+2.639400E-03,-5.120471E-03,-2.959667E-03
+2.640850E-03,-27.592832E-03,-19.381777E-03
+2.642300E-03,-22.406903E-03,-16.788812E-03
+2.643750E-03,-15.492330E-03,+3.954906E-03
+2.645200E-03,+1.794102E-03,-12.035044E-03
+2.646650E-03,+65.459E-06,-13.763687E-03
+2.648100E-03,-8.577757E-03,-10.738561E-03
+2.649550E-03,-23.703385E-03,-15.924491E-03
+2.651000E-03,-9.874240E-03,-7.281275E-03
+2.652450E-03,-9.874240E-03,-12.467204E-03
+2.653900E-03,-16.788812E-03,-16.788812E-03
+2.655350E-03,-22.406903E-03,-10.306400E-03
+2.656800E-03,-2.959667E-03,-7.281275E-03
+2.658250E-03,-20.678260E-03,-5.552632E-03
+2.659700E-03,-15.492330E-03,-3.823988E-03
+2.661150E-03,-22.839064E-03,-3.823988E-03
+2.662600E-03,-5.120471E-03,-2.959667E-03
+2.664050E-03,+1.361941E-03,+3.954906E-03
+2.665500E-03,-8.577757E-03,-2.959667E-03
+2.666950E-03,-17.220973E-03,-10.306400E-03
+2.668400E-03,-23.703385E-03,-23.703385E-03
+2.669850E-03,-24.567707E-03,-20.678260E-03
+2.671300E-03,-14.195848E-03,-9.874240E-03
+2.672750E-03,-22.406903E-03,+3.954906E-03
+2.674200E-03,-12.035044E-03,+3.954906E-03
+2.675650E-03,-23.703385E-03,+1.361941E-03
+2.677100E-03,-9.874240E-03,-9.874240E-03
+2.678550E-03,-16.788812E-03,-2.959667E-03
+2.680000E-03,-30.617958E-03,+1.794102E-03
+2.681450E-03,-16.788812E-03,-9.874240E-03
+2.682900E-03,-16.788812E-03,-15.492330E-03
+2.684350E-03,-10.306400E-03,-9.009918E-03
+2.685800E-03,-16.788812E-03,-7.281275E-03
+2.687250E-03,-13.763687E-03,+3.954906E-03
+2.688700E-03,-37.532531E-03,-9.874240E-03
+2.690150E-03,-17.220973E-03,-2.959667E-03
+2.691600E-03,-12.035044E-03,-7.281275E-03
+2.693050E-03,-9.874240E-03,-12.467204E-03
+2.694500E-03,-16.788812E-03,-14.195848E-03
+2.695950E-03,-10.738561E-03,-9.009918E-03
+2.697400E-03,-23.703385E-03,-14.195848E-03
+2.698850E-03,-19.381777E-03,-26.296350E-03
+2.700300E-03,-10.738561E-03,-15.492330E-03
+2.701750E-03,+3.522745E-03,-10.306400E-03
+2.703200E-03,-2.959667E-03,-9.874240E-03
+2.704650E-03,-2.959667E-03,-13.763687E-03
+2.706100E-03,-15.492330E-03,-2.959667E-03
+2.707550E-03,-23.703385E-03,-9.874240E-03
+2.709000E-03,-7.281275E-03,+1.794102E-03
+2.710450E-03,-2.959667E-03,-2.959667E-03
+2.711900E-03,-10.738561E-03,-9.874240E-03
+2.713350E-03,-16.788812E-03,-9.009918E-03
+2.714800E-03,-16.788812E-03,-12.035044E-03
+2.716250E-03,-23.703385E-03,-12.467204E-03
+2.717700E-03,-10.738561E-03,-3.823988E-03
+2.719150E-03,-2.959667E-03,+3.522745E-03
+2.720600E-03,-14.195848E-03,-5.120471E-03
+2.722050E-03,-30.617958E-03,-2.959667E-03
+2.723500E-03,-10.738561E-03,-2.959667E-03
+2.724950E-03,-2.959667E-03,+3.954906E-03
+2.726400E-03,-16.788812E-03,-2.959667E-03
+2.727850E-03,-12.467204E-03,-6.849114E-03
+2.729300E-03,-10.738561E-03,-17.653134E-03
+2.730750E-03,-9.874240E-03,-9.874240E-03
+2.732200E-03,-16.788812E-03,-12.035044E-03
+2.733650E-03,-12.467204E-03,-9.874240E-03
+2.735100E-03,-9.874240E-03,-10.738561E-03
+2.736550E-03,-9.009918E-03,-9.874240E-03
+2.738000E-03,-7.281275E-03,-2.959667E-03
+2.739450E-03,-13.763687E-03,-16.788812E-03
+2.740900E-03,-17.653134E-03,-15.492330E-03
+2.742350E-03,-3.391828E-03,-9.009918E-03
+2.743800E-03,-14.195848E-03,-7.281275E-03
+2.745250E-03,-16.788812E-03,+65.459E-06
+2.746700E-03,-3.823988E-03,-2.959667E-03
+2.748150E-03,-3.391828E-03,-9.009918E-03
+2.749600E-03,-12.035044E-03,-12.035044E-03
+2.751050E-03,-6.849114E-03,-16.788812E-03
+2.752500E-03,-17.653134E-03,-14.195848E-03
+2.753950E-03,-9.874240E-03,+3.954906E-03
+2.755400E-03,-7.281275E-03,-12.035044E-03
+2.756850E-03,-23.703385E-03,-6.849114E-03
+2.758300E-03,-12.035044E-03,-9.874240E-03
+2.759750E-03,-15.924491E-03,+3.522745E-03
+2.761200E-03,-12.035044E-03,-366.702E-06
+2.762650E-03,-5.552632E-03,-2.959667E-03
+2.764100E-03,+3.090584E-03,-15.492330E-03
+2.765550E-03,-16.788812E-03,-9.874240E-03
+2.767000E-03,-16.788812E-03,-9.874240E-03
+2.768450E-03,-9.874240E-03,-16.788812E-03
+2.769900E-03,-16.788812E-03,+3.090584E-03
+2.771350E-03,-3.391828E-03,+3.522745E-03
+2.772800E-03,-18.949616E-03,-7.281275E-03
+2.774250E-03,-16.788812E-03,+1.361941E-03
+2.775700E-03,-1.663184E-03,-9.874240E-03
+2.777150E-03,-15.924491E-03,+3.522745E-03
+2.778600E-03,-9.874240E-03,-366.702E-06
+2.780050E-03,-13.763687E-03,+65.459E-06
+2.781500E-03,-10.738561E-03,-10.738561E-03
+2.782950E-03,+3.522745E-03,-16.788812E-03
+2.784400E-03,-16.788812E-03,-9.874240E-03
+2.785850E-03,-27.592832E-03,-23.703385E-03
+2.787300E-03,-17.653134E-03,-17.653134E-03
+2.788750E-03,-16.788812E-03,-15.924491E-03
+2.790200E-03,+3.954906E-03,-7.281275E-03
+2.791650E-03,-9.874240E-03,-16.788812E-03
+2.793100E-03,-22.406903E-03,-2.959667E-03
+2.794550E-03,-2.959667E-03,-2.095345E-03
+2.796000E-03,-18.949616E-03,-5.120471E-03
+2.797450E-03,-13.763687E-03,-9.874240E-03
+2.798900E-03,-30.617958E-03,-9.874240E-03
+2.800350E-03,-9.874240E-03,-9.874240E-03
+2.801800E-03,-7.281275E-03,-2.959667E-03
+2.803250E-03,-1.663184E-03,-9.874240E-03
+2.804700E-03,-2.959667E-03,-15.492330E-03
+2.806150E-03,-9.874240E-03,-9.874240E-03
+2.807600E-03,-5.120471E-03,-23.703385E-03
+2.809050E-03,-13.763687E-03,-5.552632E-03
+2.810500E-03,-16.788812E-03,-9.874240E-03
+2.811950E-03,-2.959667E-03,-2.959667E-03
+2.813400E-03,-12.035044E-03,-9.874240E-03
+2.814850E-03,-12.467204E-03,-2.959667E-03
+2.816300E-03,-18.949616E-03,-23.703385E-03
+2.817750E-03,-16.788812E-03,-9.874240E-03
+2.819200E-03,-9.874240E-03,-12.035044E-03
+2.820650E-03,-13.763687E-03,-9.874240E-03
+2.822100E-03,-15.492330E-03,-1.663184E-03
+2.823550E-03,,
