Record Length,2.500000e+03,,  -0.000090000000,  -2.40000,
Sample Interval,4.000000e-08,,  -0.000089960000,  -3.20000,
Trigger Point,2.250000000000e+03,,  -0.000089920000,  -3.20000,
,,,  -0.000089880000,  -3.20000,
,,,  -0.000089840000,  -2.40000,
,,,  -0.000089800000,  -2.40000,
Source,CH2,,  -0.000089760000,  -2.40000,
Vertical Units,V,,  -0.000089720000,  -2.40000,
Vertical Scale,2.000000e+01,,  -0.000089680000,  -2.40000,
Vertical Offset,4.000000e+01,,  -0.000089640000,  -2.40000,
Horizontal Units,s,,  -0.000089600000,  -2.40000,
Horizontal Scale,1.000000e-05,,  -0.000089560000,  -2.40000,
Pt Fmt,Y,,  -0.000089520000,  -0.80000,
Yzero,0.000000e+00,,  -0.000089480000,  -1.60000,
Probe Atten,1.000000e+01,,  -0.000089440000,  -1.60000,
Model Number,TDS1001B,,  -0.000089400000,  -2.40000,
Serial Number,C059819,,  -0.000089360000,  -0.80000,
Firmware Version,FV:v22.01,,  -0.000089320000,  -1.60000,
,,,-00.000089280000,  -0.80000,
,,,-00.000089240000,   0.00000,
,,,-00.000089200000,   0.00000,
,,,-00.000089160000,   0.00000,
,,,-00.000089120000,   0.00000,
,,,-00.000089080000,   0.00000,
,,,-00.000089040000,  -0.80000,
,,,-00.000089000000,   0.00000,
,,,-00.000088960000,   0.80000,
,,,-00.000088920000,   0.00000,
,,,-00.000088880000,   0.00000,
,,,-00.000088840000,   1.60000,
,,,-00.000088800000,   1.60000,
,,,-00.000088760000,   0.80000,
,,,-00.000088720000,   2.40000,
,,,-00.000088680000,   0.80000,
,,,-00.000088640000,   1.60000,
,,,-00.000088600000,   2.40000,
,,,-00.000088560000,   0.80000,
,,,-00.000088520000,   1.60000,
,,,-00.000088480000,   1.60000,
,,,-00.000088440000,   1.60000,
,,,-00.000088400000,   2.40000,
,,,-00.000088360000,   2.40000,
,,,-00.000088320000,   2.40000,
,,,-00.000088280000,   3.20000,
,,,-00.000088240000,   3.20000,
,,,-00.000088200000,   3.20000,
,,,-00.000088160000,   2.40000,
,,,-00.000088120000,   2.40000,
,,,-00.000088080000,   2.40000,
,,,-00.000088040000,   3.20000,
,,,-00.000088000000,   4.00000,
,,,-00.000087960000,   3.20000,
,,,-00.000087920000,   4.80000,
,,,-00.000087880000,   3.20000,
,,,-00.000087840000,   4.00000,
,,,-00.000087800000,   4.80000,
,,,-00.000087760000,   4.80000,
,,,-00.000087720000,   4.00000,
,,,-00.000087680000,   4.80000,
,,,-00.000087640000,   4.80000,
,,,-00.000087600000,   4.80000,
,,,-00.000087560000,   5.60000,
,,,-00.000087520000,   4.80000,
,,,-00.000087480000,   6.40000,
,,,-00.000087440000,   6.40000,
,,,-00.000087400000,   6.40000,
,,,-00.000087360000,   6.40000,
,,,-00.000087320000,   5.60000,
,,,-00.000087280000,   6.40000,
,,,-00.000087240000,   5.60000,
,,,-00.000087200000,   6.40000,
,,,-00.000087160000,   6.40000,
,,,-00.000087120000,   6.40000,
,,,-00.000087080000,   7.20000,
,,,-00.000087040000,   6.40000,
,,,-00.000087000000,   8.00000,
,,,-00.000086960000,   6.40000,
,,,-00.000086920000,   8.00000,
,,,-00.000086880000,   8.80000,
,,,-00.000086840000,   8.00000,
,,,-00.000086800000,   8.00000,
,,,-00.000086760000,   7.20000,
,,,-00.000086720000,   7.20000,
,,,-00.000086680000,   8.80000,
,,,-00.000086640000,   8.80000,
,,,-00.000086600000,   8.80000,
,,,-00.000086560000,   8.80000,
,,,-00.000086520000,   9.60000,
,,,-00.000086480000,   8.80000,
,,,-00.000086440000,   9.60000,
,,,-00.000086400000,   8.80000,
,,,-00.000086360000,   8.80000,
,,,-00.000086320000,   8.80000,
,,,-00.000086280000,   8.80000,
,,,-00.000086240000,   9.60000,
,,,-00.000086200000,  10.40000,
,,,-00.000086160000,   9.60000,
,,,-00.000086120000,   9.60000,
,,,-00.000086080000,   9.60000,
,,,-00.000086040000,  10.40000,
,,,-00.000086000000,   9.60000,
,,,-00.000085960000,   9.60000,
,,,-00.000085920000,  10.40000,
,,,-00.000085880000,  10.40000,
,,,-00.000085840000,  11.20000,
,,,-00.000085800000,   9.60000,
,,,-00.000085760000,  10.40000,
,,,-00.000085720000,  10.40000,
,,,-00.000085680000,  10.40000,
,,,-00.000085640000,  10.40000,
,,,-00.000085600000,  12.00000,
,,,-00.000085560000,  11.20000,
,,,-00.000085520000,  10.40000,
,,,-00.000085480000,  11.20000,
,,,-00.000085440000,  10.40000,
,,,-00.000085400000,  11.20000,
,,,-00.000085360000,  12.00000,
,,,-00.000085320000,  10.40000,
,,,-00.000085280000,  10.40000,
,,,-00.000085240000,  10.40000,
,,,-00.000085200000,  11.20000,
,,,-00.000085160000,  12.00000,
,,,-00.000085120000,  12.00000,
,,,-00.000085080000,  11.20000,
,,,-00.000085040000,  10.40000,
,,,-00.000085000000,  12.00000,
,,,-00.000084960000,  12.80000,
,,,-00.000084920000,  11.20000,
,,,-00.000084880000,  12.80000,
,,,-00.000084840000,  12.80000,
,,,-00.000084800000,  12.00000,
,,,-00.000084760000,  12.00000,
,,,-00.000084720000,  12.00000,
,,,-00.000084680000,  11.20000,
,,,-00.000084640000,  12.00000,
,,,-00.000084600000,  12.00000,
,,,-00.000084560000,  12.00000,
,,,-00.000084520000,  12.80000,
,,,-00.000084480000,  12.80000,
,,,-00.000084440000,  11.20000,
,,,-00.000084400000,  12.00000,
,,,-00.000084360000,  12.00000,
,,,-00.000084320000,  12.80000,
,,,-00.000084280000,  12.00000,
,,,-00.000084240000,  12.00000,
,,,-00.000084200000,  11.20000,
,,,-00.000084160000,  12.80000,
,,,-00.000084120000,  12.00000,
,,,-00.000084080000,  11.20000,
,,,-00.000084040000,  12.80000,
,,,-00.000084000000,  12.00000,
,,,-00.000083960000,  13.60000,
,,,-00.000083920000,  12.80000,
,,,-00.000083880000,  12.00000,
,,,-00.000083840000,  12.00000,
,,,-00.000083800000,  11.20000,
,,,-00.000083760000,  12.00000,
,,,-00.000083720000,  12.00000,
,,,-00.000083680000,  12.00000,
,,,-00.000083640000,  12.00000,
,,,-00.000083600000,  12.00000,
,,,-00.000083560000,  12.00000,
,,,-00.000083520000,  12.00000,
,,,-00.000083480000,  12.00000,
,,,-00.000083440000,  12.00000,
,,,-00.000083400000,  12.80000,
,,,-00.000083360000,  12.00000,
,,,-00.000083320000,  12.00000,
,,,-00.000083280000,  12.00000,
,,,-00.000083240000,  12.00000,
,,,-00.000083200000,  11.20000,
,,,-00.000083160000,  11.20000,
,,,-00.000083120000,  12.00000,
,,,-00.000083080000,  11.20000,
,,,-00.000083040000,  12.00000,
,,,-00.000083000000,  11.20000,
,,,-00.000082960000,  12.00000,
,,,-00.000082920000,  12.00000,
,,,-00.000082880000,  10.40000,
,,,-00.000082840000,  11.20000,
,,,-00.000082800000,  12.00000,
,,,-00.000082760000,  10.40000,
,,,-00.000082720000,  11.20000,
,,,-00.000082680000,  11.20000,
,,,-00.000082640000,  12.00000,
,,,-00.000082600000,  10.40000,
,,,-00.000082560000,  11.20000,
,,,-00.000082520000,   9.60000,
,,,-00.000082480000,  11.20000,
,,,-00.000082440000,   9.60000,
,,,-00.000082400000,  10.40000,
,,,-00.000082360000,   9.60000,
,,,-00.000082320000,   9.60000,
,,,-00.000082280000,  10.40000,
,,,-00.000082240000,  10.40000,
,,,-00.000082200000,   9.60000,
,,,-00.000082160000,  10.40000,
,,,-00.000082120000,  10.40000,
,,,-00.000082080000,  10.40000,
,,,-00.000082040000,   9.60000,
,,,-00.000082000000,   8.80000,
,,,-00.000081960000,   9.60000,
,,,-00.000081920000,   9.60000,
,,,-00.000081880000,  11.20000,
,,,-00.000081840000,   8.80000,
,,,-00.000081800000,   8.80000,
,,,-00.000081760000,   9.60000,
,,,-00.000081720000,   8.00000,
,,,-00.000081680000,   8.80000,
,,,-00.000081640000,   9.60000,
,,,-00.000081600000,   9.60000,
,,,-00.000081560000,   8.00000,
,,,-00.000081520000,   8.00000,
,,,-00.000081480000,   8.00000,
,,,-00.000081440000,   8.80000,
,,,-00.000081400000,   8.80000,
,,,-00.000081360000,   8.00000,
,,,-00.000081320000,   8.00000,
,,,-00.000081280000,   8.00000,
,,,-00.000081240000,   8.00000,
,,,-00.000081200000,   7.20000,
,,,-00.000081160000,   8.00000,
,,,-00.000081120000,   7.20000,
,,,-00.000081080000,   7.20000,
,,,-00.000081040000,   6.40000,
,,,-00.000081000000,   7.20000,
,,,-00.000080960000,   6.40000,
,,,-00.000080920000,   7.20000,
,,,-00.000080880000,   6.40000,
,,,-00.000080840000,   7.20000,
,,,-00.000080800000,   6.40000,
,,,-00.000080760000,   6.40000,
,,,-00.000080720000,   5.60000,
,,,-00.000080680000,   6.40000,
,,,-00.000080640000,   6.40000,
,,,-00.000080600000,   6.40000,
,,,-00.000080560000,   6.40000,
,,,-00.000080520000,   5.60000,
,,,-00.000080480000,   4.80000,
,,,-00.000080440000,   4.80000,
,,,-00.000080400000,   4.80000,
,,,-00.000080360000,   5.60000,
,,,-00.000080320000,   4.80000,
,,,-00.000080280000,   5.60000,
,,,-00.000080240000,   4.00000,
,,,-00.000080200000,   4.00000,
,,,-00.000080160000,   4.00000,
,,,-00.000080120000,   4.00000,
,,,-00.000080080000,   4.00000,
,,,-00.000080040000,   3.20000,
,,,-00.000080000000,   4.00000,
,,,-00.000079960000,   4.00000,
,,,-00.000079920000,   4.00000,
,,,-00.000079880000,   3.20000,
,,,-00.000079840000,   4.00000,
,,,-00.000079800000,   3.20000,
,,,-00.000079760000,   4.00000,
,,,-00.000079720000,   3.20000,
,,,-00.000079680000,   3.20000,
,,,-00.000079640000,   3.20000,
,,,-00.000079600000,   2.40000,
,,,-00.000079560000,   2.40000,
,,,-00.000079520000,   2.40000,
,,,-00.000079480000,   1.60000,
,,,-00.000079440000,   2.40000,
,,,-00.000079400000,   1.60000,
,,,-00.000079360000,   2.40000,
,,,-00.000079320000,   2.40000,
,,,-00.000079280000,   2.40000,
,,,-00.000079240000,   1.60000,
,,,-00.000079200000,   1.60000,
,,,-00.000079160000,   1.60000,
,,,-00.000079120000,   0.80000,
,,,-00.000079080000,   1.60000,
,,,-00.000079040000,   0.80000,
,,,-00.000079000000,   1.60000,
,,,-00.000078960000,   0.00000,
,,,-00.000078920000,   0.80000,
,,,-00.000078880000,   0.00000,
,,,-00.000078840000,   0.80000,
,,,-00.000078800000,   0.00000,
,,,-00.000078760000,   0.00000,
,,,-00.000078720000,   0.80000,
,,,-00.000078680000,   0.00000,
,,,-00.000078640000,   0.00000,
,,,-00.000078600000,  -0.80000,
,,,-00.000078560000,  -0.80000,
,,,-00.000078520000,  -1.60000,
,,,-00.000078480000,  -1.60000,
,,,-00.000078440000,  -0.80000,
,,,-00.000078400000,  -0.80000,
,,,-00.000078360000,  -2.40000,
,,,-00.000078320000,  -1.60000,
,,,-00.000078280000,  -0.80000,
,,,-00.000078240000,  -2.40000,
,,,-00.000078200000,  -1.60000,
,,,-00.000078160000,  -1.60000,
,,,-00.000078120000,  -1.60000,
,,,-00.000078080000,  -1.60000,
,,,-00.000078040000,  -1.60000,
,,,-00.000078000000,  -1.60000,
,,,-00.000077960000,  -2.40000,
,,,-00.000077920000,  -1.60000,
,,,-00.000077880000,  -3.20000,
,,,-00.000077840000,  -2.40000,
,,,-00.000077800000,  -3.20000,
,,,-00.000077760000,  -3.20000,
,,,-00.000077720000,  -3.20000,
,,,-00.000077680000,  -4.00000,
,,,-00.000077640000,  -3.20000,
,,,-00.000077600000,  -4.00000,
,,,-00.000077560000,  -4.00000,
,,,-00.000077520000,  -5.60000,
,,,-00.000077480000,  -4.80000,
,,,-00.000077440000,  -4.00000,
,,,-00.000077400000,  -4.80000,
,,,-00.000077360000,  -4.00000,
,,,-00.000077320000,  -5.60000,
,,,-00.000077280000,  -4.80000,
,,,-00.000077240000,  -4.00000,
,,,-00.000077200000,  -4.00000,
,,,-00.000077160000,  -5.60000,
,,,-00.000077120000,  -5.60000,
,,,-00.000077080000,  -6.40000,
,,,-00.000077040000,  -4.80000,
,,,-00.000077000000,  -5.60000,
,,,-00.000076960000,  -5.60000,
,,,-00.000076920000,  -6.40000,
,,,-00.000076880000,  -5.60000,
,,,-00.000076840000,  -6.40000,
,,,-00.000076800000,  -6.40000,
,,,-00.000076760000,  -6.40000,
,,,-00.000076720000,  -5.60000,
,,,-00.000076680000,  -6.40000,
,,,-00.000076640000,  -6.40000,
,,,-00.000076600000,  -8.00000,
,,,-00.000076560000,  -7.20000,
,,,-00.000076520000,  -7.20000,
,,,-00.000076480000,  -7.20000,
,,,-00.000076440000,  -7.20000,
,,,-00.000076400000,  -7.20000,
,,,-00.000076360000,  -7.20000,
,,,-00.000076320000,  -7.20000,
,,,-00.000076280000,  -7.20000,
,,,-00.000076240000,  -7.20000,
,,,-00.000076200000,  -8.80000,
,,,-00.000076160000,  -8.00000,
,,,-00.000076120000,  -7.20000,
,,,-00.000076080000,  -8.00000,
,,,-00.000076040000,  -8.00000,
,,,-00.000076000000,  -8.80000,
,,,-00.000075960000,  -9.60000,
,,,-00.000075920000,  -8.80000,
,,,-00.000075880000,  -8.80000,
,,,-00.000075840000, -10.40000,
,,,-00.000075800000,  -9.60000,
,,,-00.000075760000,  -8.80000,
,,,-00.000075720000,  -8.80000,
,,,-00.000075680000,  -9.60000,
,,,-00.000075640000, -10.40000,
,,,-00.000075600000, -10.40000,
,,,-00.000075560000,  -8.80000,
,,,-00.000075520000,  -9.60000,
,,,-00.000075480000,  -9.60000,
,,,-00.000075440000, -10.40000,
,,,-00.000075400000, -10.40000,
,,,-00.000075360000, -10.40000,
,,,-00.000075320000, -11.20000,
,,,-00.000075280000, -11.20000,
,,,-00.000075240000, -10.40000,
,,,-00.000075200000, -10.40000,
,,,-00.000075160000, -11.20000,
,,,-00.000075120000, -10.40000,
,,,-00.000075080000, -12.00000,
,,,-00.000075040000, -11.20000,
,,,-00.000075000000, -12.00000,
,,,-00.000074960000, -12.00000,
,,,-00.000074920000, -11.20000,
,,,-00.000074880000, -11.20000,
,,,-00.000074840000, -11.20000,
,,,-00.000074800000, -11.20000,
,,,-00.000074760000, -12.00000,
,,,-00.000074720000, -12.00000,
,,,-00.000074680000, -12.80000,
,,,-00.000074640000, -11.20000,
,,,-00.000074600000, -12.00000,
,,,-00.000074560000, -12.00000,
,,,-00.000074520000, -12.80000,
,,,-00.000074480000, -12.00000,
,,,-00.000074440000, -12.00000,
,,,-00.000074400000, -12.80000,
,,,-00.000074360000, -12.00000,
,,,-00.000074320000, -12.00000,
,,,-00.000074280000, -12.80000,
,,,-00.000074240000, -12.80000,
,,,-00.000074200000, -12.80000,
,,,-00.000074160000, -12.00000,
,,,-00.000074120000, -12.80000,
,,,-00.000074080000, -12.00000,
,,,-00.000074040000, -12.80000,
,,,-00.000074000000, -12.00000,
,,,-00.000073960000, -12.00000,
,,,-00.000073920000, -13.60000,
,,,-00.000073880000, -12.80000,
,,,-00.000073840000, -12.80000,
,,,-00.000073800000, -12.80000,
,,,-00.000073760000, -13.60000,
,,,-00.000073720000, -12.00000,
,,,-00.000073680000, -12.80000,
,,,-00.000073640000, -12.00000,
,,,-00.000073600000, -12.80000,
,,,-00.000073560000, -12.80000,
,,,-00.000073520000, -12.80000,
,,,-00.000073480000, -12.00000,
,,,-00.000073440000, -12.80000,
,,,-00.000073400000, -13.60000,
,,,-00.000073360000, -12.80000,
,,,-00.000073320000, -13.60000,
,,,-00.000073280000, -12.80000,
,,,-00.000073240000, -12.80000,
,,,-00.000073200000, -12.80000,
,,,-00.000073160000, -13.60000,
,,,-00.000073120000, -12.80000,
,,,-00.000073080000, -12.00000,
,,,-00.000073040000, -12.80000,
,,,-00.000073000000, -12.00000,
,,,-00.000072960000, -12.80000,
,,,-00.000072920000, -12.80000,
,,,-00.000072880000, -12.00000,
,,,-00.000072840000, -12.80000,
,,,-00.000072800000, -12.00000,
,,,-00.000072760000, -11.20000,
,,,-00.000072720000, -11.20000,
,,,-00.000072680000, -11.20000,
,,,-00.000072640000, -11.20000,
,,,-00.000072600000, -12.00000,
,,,-00.000072560000, -12.00000,
,,,-00.000072520000, -11.20000,
,,,-00.000072480000, -12.00000,
,,,-00.000072440000, -11.20000,
,,,-00.000072400000, -11.20000,
,,,-00.000072360000, -12.00000,
,,,-00.000072320000, -11.20000,
,,,-00.000072280000, -10.40000,
,,,-00.000072240000, -12.00000,
,,,-00.000072200000, -10.40000,
,,,-00.000072160000, -10.40000,
,,,-00.000072120000, -11.20000,
,,,-00.000072080000, -10.40000,
,,,-00.000072040000, -11.20000,
,,,-00.000072000000, -10.40000,
,,,-00.000071960000, -10.40000,
,,,-00.000071920000, -10.40000,
,,,-00.000071880000, -10.40000,
,,,-00.000071840000, -11.20000,
,,,-00.000071800000, -10.40000,
,,,-00.000071760000,  -9.60000,
,,,-00.000071720000,  -9.60000,
,,,-00.000071680000, -10.40000,
,,,-00.000071640000,  -9.60000,
,,,-00.000071600000,  -9.60000,
,,,-00.000071560000,  -8.00000,
,,,-00.000071520000,  -9.60000,
,,,-00.000071480000,  -9.60000,
,,,-00.000071440000,  -8.00000,
,,,-00.000071400000,  -8.80000,
,,,-00.000071360000,  -8.80000,
,,,-00.000071320000,  -9.60000,
,,,-00.000071280000,  -8.80000,
,,,-00.000071240000,  -8.00000,
,,,-00.000071200000,  -8.00000,
,,,-00.000071160000,  -7.20000,
,,,-00.000071120000,  -8.00000,
,,,-00.000071080000,  -7.20000,
,,,-00.000071040000,  -7.20000,
,,,-00.000071000000,  -7.20000,
,,,-00.000070960000,  -7.20000,
,,,-00.000070920000,  -7.20000,
,,,-00.000070880000,  -7.20000,
,,,-00.000070840000,  -7.20000,
,,,-00.000070800000,  -7.20000,
,,,-00.000070760000,  -6.40000,
,,,-00.000070720000,  -6.40000,
,,,-00.000070680000,  -6.40000,
,,,-00.000070640000,  -6.40000,
,,,-00.000070600000,  -7.20000,
,,,-00.000070560000,  -6.40000,
,,,-00.000070520000,  -7.20000,
,,,-00.000070480000,  -5.60000,
,,,-00.000070440000,  -5.60000,
,,,-00.000070400000,  -5.60000,
,,,-00.000070360000,  -5.60000,
,,,-00.000070320000,  -6.40000,
,,,-00.000070280000,  -4.80000,
,,,-00.000070240000,  -6.40000,
,,,-00.000070200000,  -4.80000,
,,,-00.000070160000,  -5.60000,
,,,-00.000070120000,  -4.80000,
,,,-00.000070080000,  -4.00000,
,,,-00.000070040000,  -4.80000,
,,,-00.000070000000,  -3.20000,
,,,-00.000069960000,  -4.00000,
,,,-00.000069920000,  -4.00000,
,,,-00.000069880000,  -3.20000,
,,,-00.000069840000,  -4.00000,
,,,-00.000069800000,  -4.00000,
,,,-00.000069760000,  -3.20000,
,,,-00.000069720000,  -3.20000,
,,,-00.000069680000,  -4.00000,
,,,-00.000069640000,  -3.20000,
,,,-00.000069600000,  -4.00000,
,,,-00.000069560000,  -4.00000,
,,,-00.000069520000,  -3.20000,
,,,-00.000069480000,  -3.20000,
,,,-00.000069440000,  -2.40000,
,,,-00.000069400000,  -3.20000,
,,,-00.000069360000,  -2.40000,
,,,-00.000069320000,  -1.60000,
,,,-00.000069280000,  -1.60000,
,,,-00.000069240000,  -2.40000,
,,,-00.000069200000,  -2.40000,
,,,-00.000069160000,  -1.60000,
,,,-00.000069120000,  -0.80000,
,,,-00.000069080000,  -1.60000,
,,,-00.000069040000,  -1.60000,
,,,-00.000069000000,  -1.60000,
,,,-00.000068960000,   0.00000,
,,,-00.000068920000,   0.00000,
,,,-00.000068880000,   0.00000,
,,,-00.000068840000,   0.00000,
,,,-00.000068800000,   0.00000,
,,,-00.000068760000,   0.00000,
,,,-00.000068720000,   0.80000,
,,,-00.000068680000,   0.00000,
,,,-00.000068640000,   0.00000,
,,,-00.000068600000,   0.80000,
,,,-00.000068560000,   0.80000,
,,,-00.000068520000,   0.00000,
,,,-00.000068480000,   2.40000,
,,,-00.000068440000,   0.80000,
,,,-00.000068400000,   1.60000,
,,,-00.000068360000,   1.60000,
,,,-00.000068320000,   1.60000,
,,,-00.000068280000,   1.60000,
,,,-00.000068240000,   2.40000,
,,,-00.000068200000,   2.40000,
,,,-00.000068160000,   1.60000,
,,,-00.000068120000,   3.20000,
,,,-00.000068080000,   2.40000,
,,,-00.000068040000,   2.40000,
,,,-00.000068000000,   2.40000,
,,,-00.000067960000,   2.40000,
,,,-00.000067920000,   3.20000,
,,,-00.000067880000,   3.20000,
,,,-00.000067840000,   3.20000,
,,,-00.000067800000,   4.00000,
,,,-00.000067760000,   3.20000,
,,,-00.000067720000,   4.00000,
,,,-00.000067680000,   4.80000,
,,,-00.000067640000,   4.80000,
,,,-00.000067600000,   4.80000,
,,,-00.000067560000,   4.80000,
,,,-00.000067520000,   5.60000,
,,,-00.000067480000,   4.80000,
,,,-00.000067440000,   5.60000,
,,,-00.000067400000,   4.80000,
,,,-00.000067360000,   5.60000,
,,,-00.000067320000,   5.60000,
,,,-00.000067280000,   6.40000,
,,,-00.000067240000,   5.60000,
,,,-00.000067200000,   6.40000,
,,,-00.000067160000,   6.40000,
,,,-00.000067120000,   6.40000,
,,,-00.000067080000,   7.20000,
,,,-00.000067040000,   7.20000,
,,,-00.000067000000,   7.20000,
,,,-00.000066960000,   6.40000,
,,,-00.000066920000,   6.40000,
,,,-00.000066880000,   7.20000,
,,,-00.000066840000,   7.20000,
,,,-00.000066800000,   7.20000,
,,,-00.000066760000,   7.20000,
,,,-00.000066720000,   7.20000,
,,,-00.000066680000,   7.20000,
,,,-00.000066640000,   7.20000,
,,,-00.000066600000,   7.20000,
,,,-00.000066560000,   7.20000,
,,,-00.000066520000,   8.80000,
,,,-00.000066480000,   8.00000,
,,,-00.000066440000,   8.00000,
,,,-00.000066400000,   9.60000,
,,,-00.000066360000,   8.80000,
,,,-00.000066320000,   8.80000,
,,,-00.000066280000,   8.00000,
,,,-00.000066240000,   9.60000,
,,,-00.000066200000,   8.80000,
,,,-00.000066160000,   8.80000,
,,,-00.000066120000,   8.80000,
,,,-00.000066080000,   8.80000,
,,,-00.000066040000,  10.40000,
,,,-00.000066000000,   9.60000,
,,,-00.000065960000,   9.60000,
,,,-00.000065920000,   9.60000,
,,,-00.000065880000,   8.80000,
,,,-00.000065840000,  10.40000,
,,,-00.000065800000,   9.60000,
,,,-00.000065760000,   9.60000,
,,,-00.000065720000,  10.40000,
,,,-00.000065680000,  10.40000,
,,,-00.000065640000,   9.60000,
,,,-00.000065600000,  11.20000,
,,,-00.000065560000,  10.40000,
,,,-00.000065520000,  11.20000,
,,,-00.000065480000,  10.40000,
,,,-00.000065440000,  10.40000,
,,,-00.000065400000,  11.20000,
,,,-00.000065360000,  10.40000,
,,,-00.000065320000,  10.40000,
,,,-00.000065280000,  11.20000,
,,,-00.000065240000,  10.40000,
,,,-00.000065200000,  11.20000,
,,,-00.000065160000,  12.00000,
,,,-00.000065120000,  11.20000,
,,,-00.000065080000,  12.00000,
,,,-00.000065040000,  12.00000,
,,,-00.000065000000,  11.20000,
,,,-00.000064960000,  11.20000,
,,,-00.000064920000,  12.00000,
,,,-00.000064880000,  12.00000,
,,,-00.000064840000,  12.00000,
,,,-00.000064800000,  12.00000,
,,,-00.000064760000,  12.00000,
,,,-00.000064720000,  11.20000,
,,,-00.000064680000,  11.20000,
,,,-00.000064640000,  11.20000,
,,,-00.000064600000,  11.20000,
,,,-00.000064560000,  11.20000,
,,,-00.000064520000,  12.00000,
,,,-00.000064480000,  12.00000,
,,,-00.000064440000,  12.00000,
,,,-00.000064400000,  11.20000,
,,,-00.000064360000,  12.00000,
,,,-00.000064320000,  12.00000,
,,,-00.000064280000,  12.00000,
,,,-00.000064240000,  12.00000,
,,,-00.000064200000,  12.00000,
,,,-00.000064160000,  12.80000,
,,,-00.000064120000,  12.00000,
,,,-00.000064080000,  12.80000,
,,,-00.000064040000,  12.00000,
,,,-00.000064000000,  12.00000,
,,,-00.000063960000,  12.00000,
,,,-00.000063920000,  12.80000,
,,,-00.000063880000,  12.80000,
,,,-00.000063840000,  12.80000,
,,,-00.000063800000,  12.00000,
,,,-00.000063760000,  12.00000,
,,,-00.000063720000,  12.00000,
,,,-00.000063680000,  12.00000,
,,,-00.000063640000,  12.80000,
,,,-00.000063600000,  12.00000,
,,,-00.000063560000,  12.00000,
,,,-00.000063520000,  12.00000,
,,,-00.000063480000,  12.80000,
,,,-00.000063440000,  12.80000,
,,,-00.000063400000,  11.20000,
,,,-00.000063360000,  11.20000,
,,,-00.000063320000,  12.80000,
,,,-00.000063280000,  12.00000,
,,,-00.000063240000,  12.00000,
,,,-00.000063200000,  12.00000,
,,,-00.000063160000,  12.00000,
,,,-00.000063120000,  13.60000,
,,,-00.000063080000,  11.20000,
,,,-00.000063040000,  12.80000,
,,,-00.000063000000,  12.00000,
,,,-00.000062960000,  11.20000,
,,,-00.000062920000,  11.20000,
,,,-00.000062880000,  12.00000,
,,,-00.000062840000,  11.20000,
,,,-00.000062800000,  10.40000,
,,,-00.000062760000,  11.20000,
,,,-00.000062720000,  11.20000,
,,,-00.000062680000,  11.20000,
,,,-00.000062640000,  11.20000,
,,,-00.000062600000,  11.20000,
,,,-00.000062560000,  11.20000,
,,,-00.000062520000,  10.40000,
,,,-00.000062480000,  12.00000,
,,,-00.000062440000,  12.00000,
,,,-00.000062400000,  10.40000,
,,,-00.000062360000,  11.20000,
,,,-00.000062320000,  10.40000,
,,,-00.000062280000,  11.20000,
,,,-00.000062240000,  10.40000,
,,,-00.000062200000,  11.20000,
,,,-00.000062160000,   9.60000,
,,,-00.000062120000,  10.40000,
,,,-00.000062080000,  11.20000,
,,,-00.000062040000,  10.40000,
,,,-00.000062000000,  10.40000,
,,,-00.000061960000,  10.40000,
,,,-00.000061920000,   9.60000,
,,,-00.000061880000,  10.40000,
,,,-00.000061840000,   9.60000,
,,,-00.000061800000,  10.40000,
,,,-00.000061760000,   9.60000,
,,,-00.000061720000,   8.80000,
,,,-00.000061680000,   9.60000,
,,,-00.000061640000,   8.80000,
,,,-00.000061600000,   9.60000,
,,,-00.000061560000,   8.80000,
,,,-00.000061520000,   8.80000,
,,,-00.000061480000,   8.80000,
,,,-00.000061440000,   8.80000,
,,,-00.000061400000,   8.80000,
,,,-00.000061360000,   9.60000,
,,,-00.000061320000,   8.00000,
,,,-00.000061280000,   8.00000,
,,,-00.000061240000,   8.00000,
,,,-00.000061200000,   8.80000,
,,,-00.000061160000,   7.20000,
,,,-00.000061120000,   8.00000,
,,,-00.000061080000,   8.00000,
,,,-00.000061040000,   8.00000,
,,,-00.000061000000,   8.00000,
,,,-00.000060960000,   6.40000,
,,,-00.000060920000,   7.20000,
,,,-00.000060880000,   8.00000,
,,,-00.000060840000,   7.20000,
,,,-00.000060800000,   8.00000,
,,,-00.000060760000,   7.20000,
,,,-00.000060720000,   6.40000,
,,,-00.000060680000,   8.00000,
,,,-00.000060640000,   6.40000,
,,,-00.000060600000,   6.40000,
,,,-00.000060560000,   6.40000,
,,,-00.000060520000,   5.60000,
,,,-00.000060480000,   6.40000,
,,,-00.000060440000,   6.40000,
,,,-00.000060400000,   5.60000,
,,,-00.000060360000,   4.80000,
,,,-00.000060320000,   4.80000,
,,,-00.000060280000,   5.60000,
,,,-00.000060240000,   4.80000,
,,,-00.000060200000,   6.40000,
,,,-00.000060160000,   4.80000,
,,,-00.000060120000,   4.80000,
,,,-00.000060080000,   4.80000,
,,,-00.000060040000,   4.00000,
,,,-00.000060000000,   4.00000,
,,,-00.000059960000,   4.80000,
,,,-00.000059920000,   4.00000,
,,,-00.000059880000,   4.80000,
,,,-00.000059840000,   4.00000,
,,,-00.000059800000,   4.00000,
,,,-00.000059760000,   3.20000,
,,,-00.000059720000,   4.80000,
,,,-00.000059680000,   4.00000,
,,,-00.000059640000,   4.00000,
,,,-00.000059600000,   3.20000,
,,,-00.000059560000,   4.00000,
,,,-00.000059520000,   3.20000,
,,,-00.000059480000,   3.20000,
,,,-00.000059440000,   3.20000,
,,,-00.000059400000,   2.40000,
,,,-00.000059360000,   3.20000,
,,,-00.000059320000,   3.20000,
,,,-00.000059280000,   2.40000,
,,,-00.000059240000,   1.60000,
,,,-00.000059200000,   3.20000,
,,,-00.000059160000,   2.40000,
,,,-00.000059120000,   1.60000,
,,,-00.000059080000,   1.60000,
,,,-00.000059040000,   1.60000,
,,,-00.000059000000,   1.60000,
,,,-00.000058960000,   1.60000,
,,,-00.000058920000,   1.60000,
,,,-00.000058880000,   1.60000,
,,,-00.000058840000,   0.80000,
,,,-00.000058800000,   0.80000,
,,,-00.000058760000,   0.80000,
,,,-00.000058720000,   0.80000,
,,,-00.000058680000,   0.00000,
,,,-00.000058640000,   0.80000,
,,,-00.000058600000,   0.80000,
,,,-00.000058560000,  -0.80000,
,,,-00.000058520000,   0.00000,
,,,-00.000058480000,   0.00000,
,,,-00.000058440000,  -1.60000,
,,,-00.000058400000,  -0.80000,
,,,-00.000058360000,  -0.80000,
,,,-00.000058320000,  -0.80000,
,,,-00.000058280000,  -1.60000,
,,,-00.000058240000,  -1.60000,
,,,-00.000058200000,   0.00000,
,,,-00.000058160000,  -0.80000,
,,,-00.000058120000,  -0.80000,
,,,-00.000058080000,  -1.60000,
,,,-00.000058040000,  -1.60000,
,,,-00.000058000000,  -1.60000,
,,,-00.000057960000,  -2.40000,
,,,-00.000057920000,  -2.40000,
,,,-00.000057880000,  -1.60000,
,,,-00.000057840000,  -2.40000,
,,,-00.000057800000,  -2.40000,
,,,-00.000057760000,  -3.20000,
,,,-00.000057720000,  -3.20000,
,,,-00.000057680000,  -3.20000,
,,,-00.000057640000,  -3.20000,
,,,-00.000057600000,  -3.20000,
,,,-00.000057560000,  -3.20000,
,,,-00.000057520000,  -4.00000,
,,,-00.000057480000,  -3.20000,
,,,-00.000057440000,  -3.20000,
,,,-00.000057400000,  -3.20000,
,,,-00.000057360000,  -4.00000,
,,,-00.000057320000,  -4.00000,
,,,-00.000057280000,  -4.00000,
,,,-00.000057240000,  -4.00000,
,,,-00.000057200000,  -4.80000,
,,,-00.000057160000,  -4.00000,
,,,-00.000057120000,  -4.80000,
,,,-00.000057080000,  -4.80000,
,,,-00.000057040000,  -4.80000,
,,,-00.000057000000,  -5.60000,
,,,-00.000056960000,  -4.80000,
,,,-00.000056920000,  -4.80000,
,,,-00.000056880000,  -4.80000,
,,,-00.000056840000,  -5.60000,
,,,-00.000056800000,  -5.60000,
,,,-00.000056760000,  -5.60000,
,,,-00.000056720000,  -6.40000,
,,,-00.000056680000,  -5.60000,
,,,-00.000056640000,  -6.40000,
,,,-00.000056600000,  -6.40000,
,,,-00.000056560000,  -6.40000,
,,,-00.000056520000,  -6.40000,
,,,-00.000056480000,  -6.40000,
,,,-00.000056440000,  -6.40000,
,,,-00.000056400000,  -8.00000,
,,,-00.000056360000,  -7.20000,
,,,-00.000056320000,  -6.40000,
,,,-00.000056280000,  -7.20000,
,,,-00.000056240000,  -7.20000,
,,,-00.000056200000,  -7.20000,
,,,-00.000056160000,  -8.00000,
,,,-00.000056120000,  -8.00000,
,,,-00.000056080000,  -7.20000,
,,,-00.000056040000,  -8.80000,
,,,-00.000056000000,  -8.00000,
,,,-00.000055960000,  -8.00000,
,,,-00.000055920000,  -8.80000,
,,,-00.000055880000,  -8.00000,
,,,-00.000055840000,  -8.00000,
,,,-00.000055800000,  -8.80000,
,,,-00.000055760000,  -8.00000,
,,,-00.000055720000,  -8.80000,
,,,-00.000055680000,  -8.80000,
,,,-00.000055640000,  -9.60000,
,,,-00.000055600000,  -8.00000,
,,,-00.000055560000,  -8.80000,
,,,-00.000055520000,  -8.80000,
,,,-00.000055480000,  -9.60000,
,,,-00.000055440000,  -9.60000,
,,,-00.000055400000,  -8.80000,
,,,-00.000055360000, -10.40000,
,,,-00.000055320000,  -9.60000,
,,,-00.000055280000,  -9.60000,
,,,-00.000055240000, -10.40000,
,,,-00.000055200000,  -9.60000,
,,,-00.000055160000,  -9.60000,
,,,-00.000055120000,  -9.60000,
,,,-00.000055080000, -10.40000,
,,,-00.000055040000, -11.20000,
,,,-00.000055000000,  -9.60000,
,,,-00.000054960000, -10.40000,
,,,-00.000054920000, -10.40000,
,,,-00.000054880000, -12.00000,
,,,-00.000054840000, -11.20000,
,,,-00.000054800000, -11.20000,
,,,-00.000054760000, -10.40000,
,,,-00.000054720000, -11.20000,
,,,-00.000054680000, -12.00000,
,,,-00.000054640000, -11.20000,
,,,-00.000054600000, -12.00000,
,,,-00.000054560000, -10.40000,
,,,-00.000054520000, -11.20000,
,,,-00.000054480000, -12.00000,
,,,-00.000054440000, -11.20000,
,,,-00.000054400000, -12.00000,
,,,-00.000054360000, -11.20000,
,,,-00.000054320000, -12.00000,
,,,-00.000054280000, -12.00000,
,,,-00.000054240000, -12.00000,
,,,-00.000054200000, -12.80000,
,,,-00.000054160000, -12.00000,
,,,-00.000054120000, -12.80000,
,,,-00.000054080000, -12.00000,
,,,-00.000054040000, -12.80000,
,,,-00.000054000000, -12.80000,
,,,-00.000053960000, -12.80000,
,,,-00.000053920000, -12.80000,
,,,-00.000053880000, -12.80000,
,,,-00.000053840000, -12.80000,
,,,-00.000053800000, -12.80000,
,,,-00.000053760000, -12.80000,
,,,-00.000053720000, -12.00000,
,,,-00.000053680000, -13.60000,
,,,-00.000053640000, -13.60000,
,,,-00.000053600000, -13.60000,
,,,-00.000053560000, -13.60000,
,,,-00.000053520000, -13.60000,
,,,-00.000053480000, -12.80000,
,,,-00.000053440000, -12.80000,
,,,-00.000053400000, -12.80000,
,,,-00.000053360000, -12.80000,
,,,-00.000053320000, -13.60000,
,,,-00.000053280000, -11.20000,
,,,-00.000053240000, -12.80000,
,,,-00.000053200000, -12.80000,
,,,-00.000053160000, -12.00000,
,,,-00.000053120000, -12.80000,
,,,-00.000053080000, -12.80000,
,,,-00.000053040000, -12.80000,
,,,-00.000053000000, -12.00000,
,,,-00.000052960000, -12.00000,
,,,-00.000052920000, -12.00000,
,,,-00.000052880000, -12.00000,
,,,-00.000052840000, -12.00000,
,,,-00.000052800000, -12.00000,
,,,-00.000052760000, -12.00000,
,,,-00.000052720000, -11.20000,
,,,-00.000052680000, -12.00000,
,,,-00.000052640000, -11.20000,
,,,-00.000052600000, -12.00000,
,,,-00.000052560000, -11.20000,
,,,-00.000052520000, -12.00000,
,,,-00.000052480000, -11.20000,
,,,-00.000052440000, -12.80000,
,,,-00.000052400000, -12.00000,
,,,-00.000052360000, -11.20000,
,,,-00.000052320000, -12.00000,
,,,-00.000052280000, -10.40000,
,,,-00.000052240000, -11.20000,
,,,-00.000052200000, -12.00000,
,,,-00.000052160000, -10.40000,
,,,-00.000052120000, -11.20000,
,,,-00.000052080000, -12.00000,
,,,-00.000052040000, -10.40000,
,,,-00.000052000000, -11.20000,
,,,-00.000051960000, -11.20000,
,,,-00.000051920000, -10.40000,
,,,-00.000051880000, -10.40000,
,,,-00.000051840000, -11.20000,
,,,-00.000051800000,  -9.60000,
,,,-00.000051760000, -10.40000,
,,,-00.000051720000, -10.40000,
,,,-00.000051680000, -10.40000,
,,,-00.000051640000,  -9.60000,
,,,-00.000051600000, -10.40000,
,,,-00.000051560000,  -9.60000,
,,,-00.000051520000,  -9.60000,
,,,-00.000051480000,  -9.60000,
,,,-00.000051440000,  -8.80000,
,,,-00.000051400000,  -8.80000,
,,,-00.000051360000,  -9.60000,
,,,-00.000051320000,  -8.80000,
,,,-00.000051280000,  -8.80000,
,,,-00.000051240000,  -8.00000,
,,,-00.000051200000,  -8.80000,
,,,-00.000051160000,  -8.80000,
,,,-00.000051120000,  -8.80000,
,,,-00.000051080000,  -9.60000,
,,,-00.000051040000,  -8.00000,
,,,-00.000051000000,  -8.80000,
,,,-00.000050960000,  -8.00000,
,,,-00.000050920000,  -8.00000,
,,,-00.000050880000,  -7.20000,
,,,-00.000050840000,  -8.00000,
,,,-00.000050800000,  -8.00000,
,,,-00.000050760000,  -8.00000,
,,,-00.000050720000,  -7.20000,
,,,-00.000050680000,  -7.20000,
,,,-00.000050640000,  -7.20000,
,,,-00.000050600000,  -7.20000,
,,,-00.000050560000,  -7.20000,
,,,-00.000050520000,  -7.20000,
,,,-00.000050480000,  -6.40000,
,,,-00.000050440000,  -7.20000,
,,,-00.000050400000,  -6.40000,
,,,-00.000050360000,  -6.40000,
,,,-00.000050320000,  -6.40000,
,,,-00.000050280000,  -5.60000,
,,,-00.000050240000,  -6.40000,
,,,-00.000050200000,  -4.80000,
,,,-00.000050160000,  -6.40000,
,,,-00.000050120000,  -5.60000,
,,,-00.000050080000,  -5.60000,
,,,-00.000050040000,  -5.60000,
,,,-00.000050000000,  -4.80000,
,,,-00.000049960000,  -4.80000,
,,,-00.000049920000,  -4.00000,
,,,-00.000049880000,  -4.80000,
,,,-00.000049840000,  -4.80000,
,,,-00.000049800000,  -5.60000,
,,,-00.000049760000,  -4.00000,
,,,-00.000049720000,  -3.20000,
,,,-00.000049680000,  -5.60000,
,,,-00.000049640000,  -4.80000,
,,,-00.000049600000,  -3.20000,
,,,-00.000049560000,  -4.00000,
,,,-00.000049520000,  -4.00000,
,,,-00.000049480000,  -3.20000,
,,,-00.000049440000,  -4.80000,
,,,-00.000049400000,  -3.20000,
,,,-00.000049360000,  -3.20000,
,,,-00.000049320000,  -2.40000,
,,,-00.000049280000,  -2.40000,
,,,-00.000049240000,  -2.40000,
,,,-00.000049200000,  -2.40000,
,,,-00.000049160000,  -1.60000,
,,,-00.000049120000,  -2.40000,
,,,-00.000049080000,  -1.60000,
,,,-00.000049040000,  -1.60000,
,,,-00.000049000000,  -1.60000,
,,,-00.000048960000,  -0.80000,
,,,-00.000048920000,  -1.60000,
,,,-00.000048880000,  -0.80000,
,,,-00.000048840000,  -0.80000,
,,,-00.000048800000,  -0.80000,
,,,-00.000048760000,  -1.60000,
,,,-00.000048720000,  -1.60000,
,,,-00.000048680000,   0.00000,
,,,-00.000048640000,  -0.80000,
,,,-00.000048600000,   0.00000,
,,,-00.000048560000,  -0.80000,
,,,-00.000048520000,   0.80000,
,,,-00.000048480000,   0.00000,
,,,-00.000048440000,   0.00000,
,,,-00.000048400000,   0.80000,
,,,-00.000048360000,   0.00000,
,,,-00.000048320000,   1.60000,
,,,-00.000048280000,   0.80000,
,,,-00.000048240000,   0.80000,
,,,-00.000048200000,   1.60000,
,,,-00.000048160000,   1.60000,
,,,-00.000048120000,   0.80000,
,,,-00.000048080000,   1.60000,
,,,-00.000048040000,   1.60000,
,,,-00.000048000000,   2.40000,
,,,-00.000047960000,   2.40000,
,,,-00.000047920000,   2.40000,
,,,-00.000047880000,   2.40000,
,,,-00.000047840000,   3.20000,
,,,-00.000047800000,   3.20000,
,,,-00.000047760000,   2.40000,
,,,-00.000047720000,   3.20000,
,,,-00.000047680000,   3.20000,
,,,-00.000047640000,   3.20000,
,,,-00.000047600000,   4.00000,
,,,-00.000047560000,   3.20000,
,,,-00.000047520000,   3.20000,
,,,-00.000047480000,   4.00000,
,,,-00.000047440000,   4.00000,
,,,-00.000047400000,   4.80000,
,,,-00.000047360000,   4.00000,
,,,-00.000047320000,   4.80000,
,,,-00.000047280000,   4.80000,
,,,-00.000047240000,   4.80000,
,,,-00.000047200000,   4.80000,
,,,-00.000047160000,   4.80000,
,,,-00.000047120000,   4.00000,
,,,-00.000047080000,   6.40000,
,,,-00.000047040000,   4.80000,
,,,-00.000047000000,   6.40000,
,,,-00.000046960000,   5.60000,
,,,-00.000046920000,   6.40000,
,,,-00.000046880000,   5.60000,
,,,-00.000046840000,   7.20000,
,,,-00.000046800000,   6.40000,
,,,-00.000046760000,   6.40000,
,,,-00.000046720000,   6.40000,
,,,-00.000046680000,   7.20000,
,,,-00.000046640000,   7.20000,
,,,-00.000046600000,   8.00000,
,,,-00.000046560000,   7.20000,
,,,-00.000046520000,   7.20000,
,,,-00.000046480000,   7.20000,
,,,-00.000046440000,   8.80000,
,,,-00.000046400000,   7.20000,
,,,-00.000046360000,   7.20000,
,,,-00.000046320000,   8.00000,
,,,-00.000046280000,   8.00000,
,,,-00.000046240000,   9.60000,
,,,-00.000046200000,   8.00000,
,,,-00.000046160000,   8.00000,
,,,-00.000046120000,   8.80000,
,,,-00.000046080000,   8.00000,
,,,-00.000046040000,   8.00000,
,,,-00.000046000000,   8.80000,
,,,-00.000045960000,   8.80000,
,,,-00.000045920000,   8.00000,
,,,-00.000045880000,   9.60000,
,,,-00.000045840000,   8.80000,
,,,-00.000045800000,   9.60000,
,,,-00.000045760000,   8.80000,
,,,-00.000045720000,   8.80000,
,,,-00.000045680000,   9.60000,
,,,-00.000045640000,   9.60000,
,,,-00.000045600000,  10.40000,
,,,-00.000045560000,   9.60000,
,,,-00.000045520000,   9.60000,
,,,-00.000045480000,   9.60000,
,,,-00.000045440000,  10.40000,
,,,-00.000045400000,  10.40000,
,,,-00.000045360000,  11.20000,
,,,-00.000045320000,  10.40000,
,,,-00.000045280000,  11.20000,
,,,-00.000045240000,  10.40000,
,,,-00.000045200000,  10.40000,
,,,-00.000045160000,  11.20000,
,,,-00.000045120000,  11.20000,
,,,-00.000045080000,  11.20000,
,,,-00.000045040000,  12.00000,
,,,-00.000045000000,  10.40000,
,,,-00.000044960000,  10.40000,
,,,-00.000044920000,  12.00000,
,,,-00.000044880000,  11.20000,
,,,-00.000044840000,  10.40000,
,,,-00.000044800000,  10.40000,
,,,-00.000044760000,  11.20000,
,,,-00.000044720000,  12.00000,
,,,-00.000044680000,  10.40000,
,,,-00.000044640000,  11.20000,
,,,-00.000044600000,  10.40000,
,,,-00.000044560000,  10.40000,
,,,-00.000044520000,  11.20000,
,,,-00.000044480000,  12.00000,
,,,-00.000044440000,  12.00000,
,,,-00.000044400000,  11.20000,
,,,-00.000044360000,  12.80000,
,,,-00.000044320000,  10.40000,
,,,-00.000044280000,  12.00000,
,,,-00.000044240000,  12.00000,
,,,-00.000044200000,  12.00000,
,,,-00.000044160000,  12.00000,
,,,-00.000044120000,  12.00000,
,,,-00.000044080000,  12.00000,
,,,-00.000044040000,  12.00000,
,,,-00.000044000000,  12.00000,
,,,-00.000043960000,  11.20000,
,,,-00.000043920000,  12.00000,
,,,-00.000043880000,  12.80000,
,,,-00.000043840000,  12.00000,
,,,-00.000043800000,  12.80000,
,,,-00.000043760000,  12.00000,
,,,-00.000043720000,  12.00000,
,,,-00.000043680000,  12.00000,
,,,-00.000043640000,  12.00000,
,,,-00.000043600000,  12.00000,
,,,-00.000043560000,  11.20000,
,,,-00.000043520000,  13.60000,
,,,-00.000043480000,  12.80000,
,,,-00.000043440000,  11.20000,
,,,-00.000043400000,  12.00000,
,,,-00.000043360000,  12.80000,
,,,-00.000043320000,  13.60000,
,,,-00.000043280000,  12.00000,
,,,-00.000043240000,  12.00000,
,,,-00.000043200000,  12.00000,
,,,-00.000043160000,  12.00000,
,,,-00.000043120000,  12.80000,
,,,-00.000043080000,  12.80000,
,,,-00.000043040000,  12.00000,
,,,-00.000043000000,  12.80000,
,,,-00.000042960000,  12.00000,
,,,-00.000042920000,  11.20000,
,,,-00.000042880000,  12.00000,
,,,-00.000042840000,  12.00000,
,,,-00.000042800000,  12.00000,
,,,-00.000042760000,  12.00000,
,,,-00.000042720000,  11.20000,
,,,-00.000042680000,  12.00000,
,,,-00.000042640000,  12.00000,
,,,-00.000042600000,  11.20000,
,,,-00.000042560000,  11.20000,
,,,-00.000042520000,  12.00000,
,,,-00.000042480000,  12.80000,
,,,-00.000042440000,  11.20000,
,,,-00.000042400000,  10.40000,
,,,-00.000042360000,  12.00000,
,,,-00.000042320000,  11.20000,
,,,-00.000042280000,  12.00000,
,,,-00.000042240000,  11.20000,
,,,-00.000042200000,  11.20000,
,,,-00.000042160000,  11.20000,
,,,-00.000042120000,  10.40000,
,,,-00.000042080000,  10.40000,
,,,-00.000042040000,  10.40000,
,,,-00.000042000000,  11.20000,
,,,-00.000041960000,  10.40000,
,,,-00.000041920000,  11.20000,
,,,-00.000041880000,  10.40000,
,,,-00.000041840000,  10.40000,
,,,-00.000041800000,  11.20000,
,,,-00.000041760000,   9.60000,
,,,-00.000041720000,  10.40000,
,,,-00.000041680000,   9.60000,
,,,-00.000041640000,   9.60000,
,,,-00.000041600000,  10.40000,
,,,-00.000041560000,  10.40000,
,,,-00.000041520000,   9.60000,
,,,-00.000041480000,   9.60000,
,,,-00.000041440000,  10.40000,
,,,-00.000041400000,  10.40000,
,,,-00.000041360000,   8.80000,
,,,-00.000041320000,   8.80000,
,,,-00.000041280000,   9.60000,
,,,-00.000041240000,   8.80000,
,,,-00.000041200000,   9.60000,
,,,-00.000041160000,   9.60000,
,,,-00.000041120000,   8.80000,
,,,-00.000041080000,   8.80000,
,,,-00.000041040000,   8.00000,
,,,-00.000041000000,   8.80000,
,,,-00.000040960000,   7.20000,
,,,-00.000040920000,   8.80000,
,,,-00.000040880000,   7.20000,
,,,-00.000040840000,   8.80000,
,,,-00.000040800000,   7.20000,
,,,-00.000040760000,   8.00000,
,,,-00.000040720000,   8.00000,
,,,-00.000040680000,   8.00000,
,,,-00.000040640000,   7.20000,
,,,-00.000040600000,   8.00000,
,,,-00.000040560000,   6.40000,
,,,-00.000040520000,   7.20000,
,,,-00.000040480000,   8.00000,
,,,-00.000040440000,   6.40000,
,,,-00.000040400000,   8.00000,
,,,-00.000040360000,   6.40000,
,,,-00.000040320000,   6.40000,
,,,-00.000040280000,   6.40000,
,,,-00.000040240000,   6.40000,
,,,-00.000040200000,   4.80000,
,,,-00.000040160000,   6.40000,
,,,-00.000040120000,   5.60000,
,,,-00.000040080000,   5.60000,
,,,-00.000040040000,   5.60000,
,,,-00.000040000000,   5.60000,
,,,-00.000039960000,   5.60000,
,,,-00.000039920000,   5.60000,
,,,-00.000039880000,   5.60000,
,,,-00.000039840000,   4.80000,
,,,-00.000039800000,   4.80000,
,,,-00.000039760000,   4.80000,
,,,-00.000039720000,   5.60000,
,,,-00.000039680000,   4.80000,
,,,-00.000039640000,   4.00000,
,,,-00.000039600000,   4.00000,
,,,-00.000039560000,   4.80000,
,,,-00.000039520000,   3.20000,
,,,-00.000039480000,   4.80000,
,,,-00.000039440000,   3.20000,
,,,-00.000039400000,   4.00000,
,,,-00.000039360000,   3.20000,
,,,-00.000039320000,   3.20000,
,,,-00.000039280000,   3.20000,
,,,-00.000039240000,   2.40000,
,,,-00.000039200000,   3.20000,
,,,-00.000039160000,   3.20000,
,,,-00.000039120000,   3.20000,
,,,-00.000039080000,   3.20000,
,,,-00.000039040000,   2.40000,
,,,-00.000039000000,   1.60000,
,,,-00.000038960000,   2.40000,
,,,-00.000038920000,   3.20000,
,,,-00.000038880000,   1.60000,
,,,-00.000038840000,   2.40000,
,,,-00.000038800000,   1.60000,
,,,-00.000038760000,   1.60000,
,,,-00.000038720000,   2.40000,
,,,-00.000038680000,   1.60000,
,,,-00.000038640000,   0.80000,
,,,-00.000038600000,   1.60000,
,,,-00.000038560000,   0.80000,
,,,-00.000038520000,   1.60000,
,,,-00.000038480000,   0.80000,
,,,-00.000038440000,   0.00000,
,,,-00.000038400000,   0.80000,
,,,-00.000038360000,   0.00000,
,,,-00.000038320000,   0.80000,
,,,-00.000038280000,   0.00000,
,,,-00.000038240000,   0.00000,
,,,-00.000038200000,   0.00000,
,,,-00.000038160000,  -0.80000,
,,,-00.000038120000,  -0.80000,
,,,-00.000038080000,   0.00000,
,,,-00.000038040000,   0.00000,
,,,-00.000038000000,   0.00000,
,,,-00.000037960000,  -0.80000,
,,,-00.000037920000,  -1.60000,
,,,-00.000037880000,  -0.80000,
,,,-00.000037840000,  -1.60000,
,,,-00.000037800000,  -1.60000,
,,,-00.000037760000,  -1.60000,
,,,-00.000037720000,  -1.60000,
,,,-00.000037680000,  -2.40000,
,,,-00.000037640000,  -1.60000,
,,,-00.000037600000,  -2.40000,
,,,-00.000037560000,  -2.40000,
,,,-00.000037520000,  -2.40000,
,,,-00.000037480000,  -2.40000,
,,,-00.000037440000,  -1.60000,
,,,-00.000037400000,  -3.20000,
,,,-00.000037360000,  -2.40000,
,,,-00.000037320000,  -3.20000,
,,,-00.000037280000,  -4.00000,
,,,-00.000037240000,  -3.20000,
,,,-00.000037200000,  -2.40000,
,,,-00.000037160000,  -3.20000,
,,,-00.000037120000,  -3.20000,
,,,-00.000037080000,  -4.00000,
,,,-00.000037040000,  -3.20000,
,,,-00.000037000000,  -3.20000,
,,,-00.000036960000,  -4.80000,
,,,-00.000036920000,  -4.00000,
,,,-00.000036880000,  -4.80000,
,,,-00.000036840000,  -4.80000,
,,,-00.000036800000,  -4.00000,
,,,-00.000036760000,  -4.80000,
,,,-00.000036720000,  -5.60000,
,,,-00.000036680000,  -4.80000,
,,,-00.000036640000,  -4.80000,
,,,-00.000036600000,  -5.60000,
,,,-00.000036560000,  -5.60000,
,,,-00.000036520000,  -4.80000,
,,,-00.000036480000,  -5.60000,
,,,-00.000036440000,  -4.80000,
,,,-00.000036400000,  -5.60000,
,,,-00.000036360000,  -5.60000,
,,,-00.000036320000,  -5.60000,
,,,-00.000036280000,  -6.40000,
,,,-00.000036240000,  -7.20000,
,,,-00.000036200000,  -6.40000,
,,,-00.000036160000,  -6.40000,
,,,-00.000036120000,  -6.40000,
,,,-00.000036080000,  -6.40000,
,,,-00.000036040000,  -8.00000,
,,,-00.000036000000,  -7.20000,
,,,-00.000035960000,  -7.20000,
,,,-00.000035920000,  -7.20000,
,,,-00.000035880000,  -8.00000,
,,,-00.000035840000,  -7.20000,
,,,-00.000035800000,  -7.20000,
,,,-00.000035760000,  -8.00000,
,,,-00.000035720000,  -8.00000,
,,,-00.000035680000,  -8.00000,
,,,-00.000035640000,  -8.00000,
,,,-00.000035600000,  -7.20000,
,,,-00.000035560000,  -8.00000,
,,,-00.000035520000,  -8.80000,
,,,-00.000035480000,  -8.80000,
,,,-00.000035440000,  -8.00000,
,,,-00.000035400000,  -8.00000,
,,,-00.000035360000,  -8.80000,
,,,-00.000035320000,  -8.00000,
,,,-00.000035280000,  -8.80000,
,,,-00.000035240000,  -9.60000,
,,,-00.000035200000,  -9.60000,
,,,-00.000035160000,  -9.60000,
,,,-00.000035120000,  -9.60000,
,,,-00.000035080000, -10.40000,
,,,-00.000035040000,  -8.80000,
,,,-00.000035000000,  -9.60000,
,,,-00.000034960000,  -9.60000,
,,,-00.000034920000, -10.40000,
,,,-00.000034880000, -10.40000,
,,,-00.000034840000, -10.40000,
,,,-00.000034800000, -10.40000,
,,,-00.000034760000, -10.40000,
,,,-00.000034720000, -10.40000,
,,,-00.000034680000, -10.40000,
,,,-00.000034640000, -10.40000,
,,,-00.000034600000, -10.40000,
,,,-00.000034560000, -10.40000,
,,,-00.000034520000, -11.20000,
,,,-00.000034480000, -11.20000,
,,,-00.000034440000, -11.20000,
,,,-00.000034400000, -11.20000,
,,,-00.000034360000, -10.40000,
,,,-00.000034320000, -12.00000,
,,,-00.000034280000, -12.00000,
,,,-00.000034240000, -12.00000,
,,,-00.000034200000, -12.80000,
,,,-00.000034160000, -11.20000,
,,,-00.000034120000, -11.20000,
,,,-00.000034080000, -12.00000,
,,,-00.000034040000, -11.20000,
,,,-00.000034000000, -12.00000,
,,,-00.000033960000, -12.00000,
,,,-00.000033920000, -12.00000,
,,,-00.000033880000, -11.20000,
,,,-00.000033840000, -12.80000,
,,,-00.000033800000, -12.80000,
,,,-00.000033760000, -11.20000,
,,,-00.000033720000, -12.00000,
,,,-00.000033680000, -12.80000,
,,,-00.000033640000, -12.80000,
,,,-00.000033600000, -12.80000,
,,,-00.000033560000, -12.80000,
,,,-00.000033520000, -12.80000,
,,,-00.000033480000, -12.00000,
,,,-00.000033440000, -12.80000,
,,,-00.000033400000, -12.00000,
,,,-00.000033360000, -13.60000,
,,,-00.000033320000, -12.80000,
,,,-00.000033280000, -12.80000,
,,,-00.000033240000, -13.60000,
,,,-00.000033200000, -13.60000,
,,,-00.000033160000, -12.80000,
,,,-00.000033120000, -12.00000,
,,,-00.000033080000, -12.80000,
,,,-00.000033040000, -13.60000,
,,,-00.000033000000, -12.00000,
,,,-00.000032960000, -12.80000,
,,,-00.000032920000, -12.80000,
,,,-00.000032880000, -12.80000,
,,,-00.000032840000, -12.00000,
,,,-00.000032800000, -12.80000,
,,,-00.000032760000, -12.80000,
,,,-00.000032720000, -12.80000,
,,,-00.000032680000, -11.20000,
,,,-00.000032640000, -12.00000,
,,,-00.000032600000, -12.00000,
,,,-00.000032560000, -12.80000,
,,,-00.000032520000, -12.00000,
,,,-00.000032480000, -12.00000,
,,,-00.000032440000, -12.00000,
,,,-00.000032400000, -12.80000,
,,,-00.000032360000, -11.20000,
,,,-00.000032320000, -11.20000,
,,,-00.000032280000, -12.80000,
,,,-00.000032240000, -11.20000,
,,,-00.000032200000, -11.20000,
,,,-00.000032160000, -12.00000,
,,,-00.000032120000, -11.20000,
,,,-00.000032080000, -11.20000,
,,,-00.000032040000, -12.00000,
,,,-00.000032000000, -11.20000,
,,,-00.000031960000, -11.20000,
,,,-00.000031920000, -11.20000,
,,,-00.000031880000, -11.20000,
,,,-00.000031840000, -10.40000,
,,,-00.000031800000, -10.40000,
,,,-00.000031760000, -10.40000,
,,,-00.000031720000, -11.20000,
,,,-00.000031680000, -11.20000,
,,,-00.000031640000, -10.40000,
,,,-00.000031600000, -10.40000,
,,,-00.000031560000, -10.40000,
,,,-00.000031520000, -11.20000,
,,,-00.000031480000, -10.40000,
,,,-00.000031440000,  -9.60000,
,,,-00.000031400000, -10.40000,
,,,-00.000031360000,  -9.60000,
,,,-00.000031320000, -10.40000,
,,,-00.000031280000, -10.40000,
,,,-00.000031240000,  -9.60000,
,,,-00.000031200000,  -9.60000,
,,,-00.000031160000,  -9.60000,
,,,-00.000031120000,  -9.60000,
,,,-00.000031080000,  -9.60000,
,,,-00.000031040000,  -9.60000,
,,,-00.000031000000,  -8.80000,
,,,-00.000030960000,  -8.80000,
,,,-00.000030920000,  -8.80000,
,,,-00.000030880000,  -8.80000,
,,,-00.000030840000,  -8.80000,
,,,-00.000030800000,  -8.00000,
,,,-00.000030760000,  -8.00000,
,,,-00.000030720000,  -8.80000,
,,,-00.000030680000,  -8.00000,
,,,-00.000030640000,  -7.20000,
,,,-00.000030600000,  -8.00000,
,,,-00.000030560000,  -8.00000,
,,,-00.000030520000,  -8.00000,
,,,-00.000030480000,  -7.20000,
,,,-00.000030440000,  -7.20000,
,,,-00.000030400000,  -6.40000,
,,,-00.000030360000,  -7.20000,
,,,-00.000030320000,  -8.00000,
,,,-00.000030280000,  -6.40000,
,,,-00.000030240000,  -7.20000,
,,,-00.000030200000,  -6.40000,
,,,-00.000030160000,  -7.20000,
,,,-00.000030120000,  -6.40000,
,,,-00.000030080000,  -8.00000,
,,,-00.000030040000,  -6.40000,
,,,-00.000030000000,  -5.60000,
,,,-00.000029960000,  -5.60000,
,,,-00.000029920000,  -4.80000,
,,,-00.000029880000,  -6.40000,
,,,-00.000029840000,  -5.60000,
,,,-00.000029800000,  -5.60000,
,,,-00.000029760000,  -5.60000,
,,,-00.000029720000,  -4.80000,
,,,-00.000029680000,  -5.60000,
,,,-00.000029640000,  -4.80000,
,,,-00.000029600000,  -4.80000,
,,,-00.000029560000,  -4.80000,
,,,-00.000029520000,  -4.80000,
,,,-00.000029480000,  -4.00000,
,,,-00.000029440000,  -4.80000,
,,,-00.000029400000,  -4.00000,
,,,-00.000029360000,  -4.00000,
,,,-00.000029320000,  -4.00000,
,,,-00.000029280000,  -3.20000,
,,,-00.000029240000,  -4.00000,
,,,-00.000029200000,  -4.00000,
,,,-00.000029160000,  -4.00000,
,,,-00.000029120000,  -3.20000,
,,,-00.000029080000,  -3.20000,
,,,-00.000029040000,  -2.40000,
,,,-00.000029000000,  -2.40000,
,,,-00.000028960000,  -3.20000,
,,,-00.000028920000,  -3.20000,
,,,-00.000028880000,  -0.80000,
,,,-00.000028840000,  -2.40000,
,,,-00.000028800000,  -2.40000,
,,,-00.000028760000,  -1.60000,
,,,-00.000028720000,  -0.80000,
,,,-00.000028680000,  -2.40000,
,,,-00.000028640000,  -1.60000,
,,,-00.000028600000,  -0.80000,
,,,-00.000028560000,  -2.40000,
,,,-00.000028520000,  -0.80000,
,,,-00.000028480000,  -0.80000,
,,,-00.000028440000,  -1.60000,
,,,-00.000028400000,  -0.80000,
,,,-00.000028360000,  -0.80000,
,,,-00.000028320000,  -0.80000,
,,,-00.000028280000,   0.80000,
,,,-00.000028240000,   0.00000,
,,,-00.000028200000,   0.00000,
,,,-00.000028160000,   0.80000,
,,,-00.000028120000,   0.00000,
,,,-00.000028080000,   0.80000,
,,,-00.000028040000,   0.80000,
,,,-00.000028000000,   2.40000,
,,,-00.000027960000,   1.60000,
,,,-00.000027920000,   1.60000,
,,,-00.000027880000,   1.60000,
,,,-00.000027840000,   1.60000,
,,,-00.000027800000,   1.60000,
,,,-00.000027760000,   1.60000,
,,,-00.000027720000,   2.40000,
,,,-00.000027680000,   2.40000,
,,,-00.000027640000,   2.40000,
,,,-00.000027600000,   2.40000,
,,,-00.000027560000,   2.40000,
,,,-00.000027520000,   4.00000,
,,,-00.000027480000,   2.40000,
,,,-00.000027440000,   2.40000,
,,,-00.000027400000,   3.20000,
,,,-00.000027360000,   3.20000,
,,,-00.000027320000,   2.40000,
,,,-00.000027280000,   4.00000,
,,,-00.000027240000,   4.00000,
,,,-00.000027200000,   4.00000,
,,,-00.000027160000,   4.00000,
,,,-00.000027120000,   4.00000,
,,,-00.000027080000,   4.80000,
,,,-00.000027040000,   4.80000,
,,,-00.000027000000,   4.80000,
,,,-00.000026960000,   4.80000,
,,,-00.000026920000,   5.60000,
,,,-00.000026880000,   4.80000,
,,,-00.000026840000,   4.80000,
,,,-00.000026800000,   6.40000,
,,,-00.000026760000,   5.60000,
,,,-00.000026720000,   5.60000,
,,,-00.000026680000,   5.60000,
,,,-00.000026640000,   7.20000,
,,,-00.000026600000,   5.60000,
,,,-00.000026560000,   5.60000,
,,,-00.000026520000,   7.20000,
,,,-00.000026480000,   5.60000,
,,,-00.000026440000,   8.00000,
,,,-00.000026400000,   7.20000,
,,,-00.000026360000,   6.40000,
,,,-00.000026320000,   7.20000,
,,,-00.000026280000,   6.40000,
,,,-00.000026240000,   7.20000,
,,,-00.000026200000,   6.40000,
,,,-00.000026160000,   7.20000,
,,,-00.000026120000,   7.20000,
,,,-00.000026080000,   7.20000,
,,,-00.000026040000,   8.00000,
,,,-00.000026000000,   8.00000,
,,,-00.000025960000,   8.80000,
,,,-00.000025920000,   8.00000,
,,,-00.000025880000,   9.60000,
,,,-00.000025840000,   8.00000,
,,,-00.000025800000,   8.80000,
,,,-00.000025760000,   8.00000,
,,,-00.000025720000,   8.80000,
,,,-00.000025680000,   8.80000,
,,,-00.000025640000,   8.00000,
,,,-00.000025600000,   8.80000,
,,,-00.000025560000,   9.60000,
,,,-00.000025520000,   8.80000,
,,,-00.000025480000,   9.60000,
,,,-00.000025440000,   9.60000,
,,,-00.000025400000,   9.60000,
,,,-00.000025360000,   9.60000,
,,,-00.000025320000,  10.40000,
,,,-00.000025280000,  10.40000,
,,,-00.000025240000,  10.40000,
,,,-00.000025200000,   9.60000,
,,,-00.000025160000,  10.40000,
,,,-00.000025120000,  11.20000,
,,,-00.000025080000,  10.40000,
,,,-00.000025040000,  11.20000,
,,,-00.000025000000,   9.60000,
,,,-00.000024960000,  10.40000,
,,,-00.000024920000,  11.20000,
,,,-00.000024880000,   9.60000,
,,,-00.000024840000,  11.20000,
,,,-00.000024800000,  10.40000,
,,,-00.000024760000,  11.20000,
,,,-00.000024720000,  10.40000,
,,,-00.000024680000,  11.20000,
,,,-00.000024640000,  11.20000,
,,,-00.000024600000,  12.00000,
,,,-00.000024560000,  12.00000,
,,,-00.000024520000,  11.20000,
,,,-00.000024480000,  12.00000,
,,,-00.000024440000,  11.20000,
,,,-00.000024400000,  11.20000,
,,,-00.000024360000,   9.60000,
,,,-00.000024320000,  12.80000,
,,,-00.000024280000,  11.20000,
,,,-00.000024240000,  11.20000,
,,,-00.000024200000,  11.20000,
,,,-00.000024160000,  11.20000,
,,,-00.000024120000,  12.00000,
,,,-00.000024080000,  12.80000,
,,,-00.000024040000,  12.00000,
,,,-00.000024000000,  12.80000,
,,,-00.000023960000,  12.00000,
,,,-00.000023920000,  12.00000,
,,,-00.000023880000,  12.80000,
,,,-00.000023840000,  12.00000,
,,,-00.000023800000,  12.00000,
,,,-00.000023760000,  12.00000,
,,,-00.000023720000,  12.80000,
,,,-00.000023680000,  12.00000,
,,,-00.000023640000,  12.00000,
,,,-00.000023600000,  12.00000,
,,,-00.000023560000,  12.00000,
,,,-00.000023520000,  13.60000,
,,,-00.000023480000,  12.80000,
,,,-00.000023440000,  12.00000,
,,,-00.000023400000,  12.80000,
,,,-00.000023360000,  12.00000,
,,,-00.000023320000,  12.80000,
,,,-00.000023280000,  12.00000,
,,,-00.000023240000,  12.00000,
,,,-00.000023200000,  12.00000,
,,,-00.000023160000,  12.00000,
,,,-00.000023120000,  11.20000,
,,,-00.000023080000,  12.80000,
,,,-00.000023040000,  12.00000,
,,,-00.000023000000,  12.00000,
,,,-00.000022960000,  12.00000,
,,,-00.000022920000,  11.20000,
,,,-00.000022880000,  12.80000,
,,,-00.000022840000,  12.80000,
,,,-00.000022800000,  11.20000,
,,,-00.000022760000,  12.00000,
,,,-00.000022720000,  12.00000,
,,,-00.000022680000,  12.80000,
,,,-00.000022640000,  11.20000,
,,,-00.000022600000,  12.00000,
,,,-00.000022560000,  12.80000,
,,,-00.000022520000,  11.20000,
,,,-00.000022480000,  12.80000,
,,,-00.000022440000,  11.20000,
,,,-00.000022400000,  12.00000,
,,,-00.000022360000,  12.00000,
,,,-00.000022320000,  11.20000,
,,,-00.000022280000,  12.00000,
,,,-00.000022240000,  11.20000,
,,,-00.000022200000,  12.00000,
,,,-00.000022160000,  11.20000,
,,,-00.000022120000,  11.20000,
,,,-00.000022080000,  11.20000,
,,,-00.000022040000,  12.00000,
,,,-00.000022000000,  12.00000,
,,,-00.000021960000,  10.40000,
,,,-00.000021920000,  10.40000,
,,,-00.000021880000,  10.40000,
,,,-00.000021840000,  11.20000,
,,,-00.000021800000,  10.40000,
,,,-00.000021760000,  11.20000,
,,,-00.000021720000,  10.40000,
,,,-00.000021680000,  10.40000,
,,,-00.000021640000,  11.20000,
,,,-00.000021600000,  10.40000,
,,,-00.000021560000,  10.40000,
,,,-00.000021520000,  10.40000,
,,,-00.000021480000,   9.60000,
,,,-00.000021440000,  10.40000,
,,,-00.000021400000,  10.40000,
,,,-00.000021360000,  10.40000,
,,,-00.000021320000,  10.40000,
,,,-00.000021280000,  11.20000,
,,,-00.000021240000,   9.60000,
,,,-00.000021200000,   9.60000,
,,,-00.000021160000,   8.80000,
,,,-00.000021120000,   9.60000,
,,,-00.000021080000,   8.80000,
,,,-00.000021040000,   8.80000,
,,,-00.000021000000,   9.60000,
,,,-00.000020960000,   9.60000,
,,,-00.000020920000,   8.00000,
,,,-00.000020880000,   8.80000,
,,,-00.000020840000,   8.80000,
,,,-00.000020800000,   8.00000,
,,,-00.000020760000,   8.00000,
,,,-00.000020720000,   8.80000,
,,,-00.000020680000,   8.00000,
,,,-00.000020640000,   8.00000,
,,,-00.000020600000,   8.80000,
,,,-00.000020560000,   8.00000,
,,,-00.000020520000,   8.00000,
,,,-00.000020480000,   8.00000,
,,,-00.000020440000,   8.00000,
,,,-00.000020400000,   6.40000,
,,,-00.000020360000,   7.20000,
,,,-00.000020320000,   7.20000,
,,,-00.000020280000,   7.20000,
,,,-00.000020240000,   6.40000,
,,,-00.000020200000,   6.40000,
,,,-00.000020160000,   6.40000,
,,,-00.000020120000,   6.40000,
,,,-00.000020080000,   7.20000,
,,,-00.000020040000,   6.40000,
,,,-00.000020000000,   6.40000,
,,,-00.000019960000,   7.20000,
,,,-00.000019920000,   5.60000,
,,,-00.000019880000,   5.60000,
,,,-00.000019840000,   5.60000,
,,,-00.000019800000,   5.60000,
,,,-00.000019760000,   5.60000,
,,,-00.000019720000,   5.60000,
,,,-00.000019680000,   5.60000,
,,,-00.000019640000,   4.80000,
,,,-00.000019600000,   4.80000,
,,,-00.000019560000,   5.60000,
,,,-00.000019520000,   4.80000,
,,,-00.000019480000,   4.80000,
,,,-00.000019440000,   4.80000,
,,,-00.000019400000,   4.00000,
,,,-00.000019360000,   4.80000,
,,,-00.000019320000,   4.80000,
,,,-00.000019280000,   4.00000,
,,,-00.000019240000,   4.00000,
,,,-00.000019200000,   4.00000,
,,,-00.000019160000,   4.00000,
,,,-00.000019120000,   4.00000,
,,,-00.000019080000,   4.00000,
,,,-00.000019040000,   3.20000,
,,,-00.000019000000,   4.00000,
,,,-00.000018960000,   2.40000,
,,,-00.000018920000,   2.40000,
,,,-00.000018880000,   4.00000,
,,,-00.000018840000,   2.40000,
,,,-00.000018800000,   2.40000,
,,,-00.000018760000,   2.40000,
,,,-00.000018720000,   2.40000,
,,,-00.000018680000,   2.40000,
,,,-00.000018640000,   2.40000,
,,,-00.000018600000,   2.40000,
,,,-00.000018560000,   1.60000,
,,,-00.000018520000,   3.20000,
,,,-00.000018480000,   0.80000,
,,,-00.000018440000,   1.60000,
,,,-00.000018400000,   0.80000,
,,,-00.000018360000,   1.60000,
,,,-00.000018320000,   0.80000,
,,,-00.000018280000,   0.80000,
,,,-00.000018240000,   0.80000,
,,,-00.000018200000,   0.80000,
,,,-00.000018160000,   0.80000,
,,,-00.000018120000,   0.00000,
,,,-00.000018080000,   0.80000,
,,,-00.000018040000,   0.00000,
,,,-00.000018000000,   0.00000,
,,,-00.000017960000,  -0.80000,
,,,-00.000017920000,  -1.60000,
,,,-00.000017880000,  -1.60000,
,,,-00.000017840000,   0.00000,
,,,-00.000017800000,   0.00000,
,,,-00.000017760000,  -0.80000,
,,,-00.000017720000,  -1.60000,
,,,-00.000017680000,  -1.60000,
,,,-00.000017640000,  -1.60000,
,,,-00.000017600000,  -1.60000,
,,,-00.000017560000,  -0.80000,
,,,-00.000017520000,  -1.60000,
,,,-00.000017480000,  -0.80000,
,,,-00.000017440000,  -1.60000,
,,,-00.000017400000,  -2.40000,
,,,-00.000017360000,  -0.80000,
,,,-00.000017320000,  -1.60000,
,,,-00.000017280000,  -2.40000,
,,,-00.000017240000,  -2.40000,
,,,-00.000017200000,  -3.20000,
,,,-00.000017160000,  -2.40000,
,,,-00.000017120000,  -3.20000,
,,,-00.000017080000,  -3.20000,
,,,-00.000017040000,  -3.20000,
,,,-00.000017000000,  -2.40000,
,,,-00.000016960000,  -3.20000,
,,,-00.000016920000,  -3.20000,
,,,-00.000016880000,  -4.00000,
,,,-00.000016840000,  -4.00000,
,,,-00.000016800000,  -4.80000,
,,,-00.000016760000,  -4.80000,
,,,-00.000016720000,  -3.20000,
,,,-00.000016680000,  -4.80000,
,,,-00.000016640000,  -3.20000,
,,,-00.000016600000,  -4.80000,
,,,-00.000016560000,  -4.00000,
,,,-00.000016520000,  -4.80000,
,,,-00.000016480000,  -4.80000,
,,,-00.000016440000,  -5.60000,
,,,-00.000016400000,  -4.80000,
,,,-00.000016360000,  -5.60000,
,,,-00.000016320000,  -6.40000,
,,,-00.000016280000,  -5.60000,
,,,-00.000016240000,  -5.60000,
,,,-00.000016200000,  -5.60000,
,,,-00.000016160000,  -6.40000,
,,,-00.000016120000,  -5.60000,
,,,-00.000016080000,  -6.40000,
,,,-00.000016040000,  -5.60000,
,,,-00.000016000000,  -6.40000,
,,,-00.000015960000,  -7.20000,
,,,-00.000015920000,  -6.40000,
,,,-00.000015880000,  -7.20000,
,,,-00.000015840000,  -7.20000,
,,,-00.000015800000,  -7.20000,
,,,-00.000015760000,  -6.40000,
,,,-00.000015720000,  -7.20000,
,,,-00.000015680000,  -8.00000,
,,,-00.000015640000,  -7.20000,
,,,-00.000015600000,  -7.20000,
,,,-00.000015560000,  -8.00000,
,,,-00.000015520000,  -8.00000,
,,,-00.000015480000,  -8.80000,
,,,-00.000015440000,  -8.80000,
,,,-00.000015400000,  -8.00000,
,,,-00.000015360000,  -8.00000,
,,,-00.000015320000,  -8.00000,
,,,-00.000015280000,  -8.00000,
,,,-00.000015240000,  -8.00000,
,,,-00.000015200000,  -8.80000,
,,,-00.000015160000,  -8.80000,
,,,-00.000015120000,  -9.60000,
,,,-00.000015080000,  -8.80000,
,,,-00.000015040000,  -8.80000,
,,,-00.000015000000,  -8.80000,
,,,-00.000014960000,  -8.80000,
,,,-00.000014920000,  -8.80000,
,,,-00.000014880000,  -9.60000,
,,,-00.000014840000,  -9.60000,
,,,-00.000014800000,  -9.60000,
,,,-00.000014760000,  -9.60000,
,,,-00.000014720000,  -9.60000,
,,,-00.000014680000,  -9.60000,
,,,-00.000014640000,  -8.80000,
,,,-00.000014600000, -10.40000,
,,,-00.000014560000, -10.40000,
,,,-00.000014520000, -10.40000,
,,,-00.000014480000, -11.20000,
,,,-00.000014440000, -10.40000,
,,,-00.000014400000, -12.00000,
,,,-00.000014360000, -11.20000,
,,,-00.000014320000, -10.40000,
,,,-00.000014280000, -11.20000,
,,,-00.000014240000, -11.20000,
,,,-00.000014200000, -11.20000,
,,,-00.000014160000, -12.00000,
,,,-00.000014120000, -11.20000,
,,,-00.000014080000, -11.20000,
,,,-00.000014040000, -11.20000,
,,,-00.000014000000, -11.20000,
,,,-00.000013960000, -12.00000,
,,,-00.000013920000, -12.00000,
,,,-00.000013880000, -12.00000,
,,,-00.000013840000, -12.00000,
,,,-00.000013800000, -12.80000,
,,,-00.000013760000, -12.80000,
,,,-00.000013720000, -12.80000,
,,,-00.000013680000, -12.00000,
,,,-00.000013640000, -12.80000,
,,,-00.000013600000, -12.00000,
,,,-00.000013560000, -12.00000,
,,,-00.000013520000, -12.80000,
,,,-00.000013480000, -12.00000,
,,,-00.000013440000, -12.80000,
,,,-00.000013400000, -12.80000,
,,,-00.000013360000, -12.00000,
,,,-00.000013320000, -12.80000,
,,,-00.000013280000, -12.00000,
,,,-00.000013240000, -12.80000,
,,,-00.000013200000, -12.80000,
,,,-00.000013160000, -12.80000,
,,,-00.000013120000, -12.80000,
,,,-00.000013080000, -12.80000,
,,,-00.000013040000, -12.80000,
,,,-00.000013000000, -13.60000,
,,,-00.000012960000, -12.80000,
,,,-00.000012920000, -12.80000,
,,,-00.000012880000, -12.80000,
,,,-00.000012840000, -13.60000,
,,,-00.000012800000, -12.80000,
,,,-00.000012760000, -12.80000,
,,,-00.000012720000, -12.80000,
,,,-00.000012680000, -12.80000,
,,,-00.000012640000, -12.80000,
,,,-00.000012600000, -12.00000,
,,,-00.000012560000, -12.00000,
,,,-00.000012520000, -12.80000,
,,,-00.000012480000, -12.80000,
,,,-00.000012440000, -12.00000,
,,,-00.000012400000, -12.00000,
,,,-00.000012360000, -12.00000,
,,,-00.000012320000, -12.80000,
,,,-00.000012280000, -13.60000,
,,,-00.000012240000, -12.00000,
,,,-00.000012200000, -12.80000,
,,,-00.000012160000, -12.00000,
,,,-00.000012120000, -12.00000,
,,,-00.000012080000, -12.00000,
,,,-00.000012040000, -11.20000,
,,,-00.000012000000, -12.00000,
,,,-00.000011960000, -11.20000,
,,,-00.000011920000, -12.00000,
,,,-00.000011880000, -12.00000,
,,,-00.000011840000, -12.00000,
,,,-00.000011800000, -11.20000,
,,,-00.000011760000, -10.40000,
,,,-00.000011720000, -11.20000,
,,,-00.000011680000, -10.40000,
,,,-00.000011640000, -11.20000,
,,,-00.000011600000, -12.00000,
,,,-00.000011560000, -11.20000,
,,,-00.000011520000, -10.40000,
,,,-00.000011480000, -10.40000,
,,,-00.000011440000,  -9.60000,
,,,-00.000011400000, -11.20000,
,,,-00.000011360000, -10.40000,
,,,-00.000011320000, -11.20000,
,,,-00.000011280000, -10.40000,
,,,-00.000011240000, -10.40000,
,,,-00.000011200000,  -9.60000,
,,,-00.000011160000,  -9.60000,
,,,-00.000011120000, -10.40000,
,,,-00.000011080000,  -9.60000,
,,,-00.000011040000, -11.20000,
,,,-00.000011000000,  -9.60000,
,,,-00.000010960000,  -8.80000,
,,,-00.000010920000,  -9.60000,
,,,-00.000010880000,  -8.80000,
,,,-00.000010840000,  -9.60000,
,,,-00.000010800000,  -8.80000,
,,,-00.000010760000,  -8.80000,
,,,-00.000010720000,  -9.60000,
,,,-00.000010680000,  -8.80000,
,,,-00.000010640000,  -8.80000,
,,,-00.000010600000,  -8.80000,
,,,-00.000010560000,  -8.80000,
,,,-00.000010520000,  -8.00000,
,,,-00.000010480000,  -8.00000,
,,,-00.000010440000,  -8.80000,
,,,-00.000010400000,  -8.80000,
,,,-00.000010360000,  -8.00000,
,,,-00.000010320000,  -8.00000,
,,,-00.000010280000,  -8.00000,
,,,-00.000010240000,  -7.20000,
,,,-00.000010200000,  -7.20000,
,,,-00.000010160000,  -8.00000,
,,,-00.000010120000,  -7.20000,
,,,-00.000010080000,  -7.20000,
,,,-00.000010040000,  -7.20000,
,,,-00.000010000000,  -7.20000,
,,,-00.000009960000,  -7.20000,
,,,-00.000009920000,  -6.40000,
,,,-00.000009880000,  -6.40000,
,,,-00.000009840000,  -7.20000,
,,,-00.000009800000,  -6.40000,
,,,-00.000009760000,  -6.40000,
,,,-00.000009720000,  -6.40000,
,,,-00.000009680000,  -6.40000,
,,,-00.000009640000,  -5.60000,
,,,-00.000009600000,  -5.60000,
,,,-00.000009560000,  -4.80000,
,,,-00.000009520000,  -5.60000,
,,,-00.000009480000,  -4.80000,
,,,-00.000009440000,  -5.60000,
,,,-00.000009400000,  -4.80000,
,,,-00.000009360000,  -5.60000,
,,,-00.000009320000,  -4.80000,
,,,-00.000009280000,  -4.80000,
,,,-00.000009240000,  -4.00000,
,,,-00.000009200000,  -4.80000,
,,,-00.000009160000,  -4.80000,
,,,-00.000009120000,  -4.00000,
,,,-00.000009080000,  -2.40000,
,,,-00.000009040000,  -4.00000,
,,,-00.000009000000,  -3.20000,
,,,-00.000008960000,  -3.20000,
,,,-00.000008920000,  -3.20000,
,,,-00.000008880000,  -3.20000,
,,,-00.000008840000,  -2.40000,
,,,-00.000008800000,  -2.40000,
,,,-00.000008760000,  -2.40000,
,,,-00.000008720000,  -1.60000,
,,,-00.000008680000,  -2.40000,
,,,-00.000008640000,  -1.60000,
,,,-00.000008600000,  -1.60000,
,,,-00.000008560000,  -2.40000,
,,,-00.000008520000,  -2.40000,
,,,-00.000008480000,  -0.80000,
,,,-00.000008440000,  -1.60000,
,,,-00.000008400000,  -2.40000,
,,,-00.000008360000,  -0.80000,
,,,-00.000008320000,  -1.60000,
,,,-00.000008280000,  -0.80000,
,,,-00.000008240000,  -0.80000,
,,,-00.000008200000,  -0.80000,
,,,-00.000008160000,   0.00000,
,,,-00.000008120000,  -0.80000,
,,,-00.000008080000,   0.00000,
,,,-00.000008040000,   0.00000,
,,,-00.000008000000,  -0.80000,
,,,-00.000007960000,   0.00000,
,,,-00.000007920000,   0.80000,
,,,-00.000007880000,   0.80000,
,,,-00.000007840000,   1.60000,
,,,-00.000007800000,   0.00000,
,,,-00.000007760000,   0.80000,
,,,-00.000007720000,   1.60000,
,,,-00.000007680000,   1.60000,
,,,-00.000007640000,   1.60000,
,,,-00.000007600000,   1.60000,
,,,-00.000007560000,   1.60000,
,,,-00.000007520000,   2.40000,
,,,-00.000007480000,   3.20000,
,,,-00.000007440000,   3.20000,
,,,-00.000007400000,   1.60000,
,,,-00.000007360000,   2.40000,
,,,-00.000007320000,   1.60000,
,,,-00.000007280000,   2.40000,
,,,-00.000007240000,   3.20000,
,,,-00.000007200000,   4.00000,
,,,-00.000007160000,   4.00000,
,,,-00.000007120000,   4.00000,
,,,-00.000007080000,   3.20000,
,,,-00.000007040000,   4.00000,
,,,-00.000007000000,   4.00000,
,,,-00.000006960000,   4.80000,
,,,-00.000006920000,   4.00000,
,,,-00.000006880000,   4.00000,
,,,-00.000006840000,   4.00000,
,,,-00.000006800000,   4.80000,
,,,-00.000006760000,   4.00000,
,,,-00.000006720000,   5.60000,
,,,-00.000006680000,   5.60000,
,,,-00.000006640000,   5.60000,
,,,-00.000006600000,   4.80000,
,,,-00.000006560000,   5.60000,
,,,-00.000006520000,   4.80000,
,,,-00.000006480000,   5.60000,
,,,-00.000006440000,   5.60000,
,,,-00.000006400000,   6.40000,
,,,-00.000006360000,   6.40000,
,,,-00.000006320000,   5.60000,
,,,-00.000006280000,   6.40000,
,,,-00.000006240000,   6.40000,
,,,-00.000006200000,   6.40000,
,,,-00.000006160000,   7.20000,
,,,-00.000006120000,   5.60000,
,,,-00.000006080000,   6.40000,
,,,-00.000006040000,   6.40000,
,,,-00.000006000000,   6.40000,
,,,-00.000005960000,   7.20000,
,,,-00.000005920000,   8.00000,
,,,-00.000005880000,   6.40000,
,,,-00.000005840000,   6.40000,
,,,-00.000005800000,   8.00000,
,,,-00.000005760000,   8.00000,
,,,-00.000005720000,   8.00000,
,,,-00.000005680000,   8.00000,
,,,-00.000005640000,   8.80000,
,,,-00.000005600000,   8.00000,
,,,-00.000005560000,   8.80000,
,,,-00.000005520000,   8.00000,
,,,-00.000005480000,   8.80000,
,,,-00.000005440000,   8.00000,
,,,-00.000005400000,   8.80000,
,,,-00.000005360000,   8.80000,
,,,-00.000005320000,   9.60000,
,,,-00.000005280000,   8.80000,
,,,-00.000005240000,   9.60000,
,,,-00.000005200000,   9.60000,
,,,-00.000005160000,   9.60000,
,,,-00.000005120000,   9.60000,
,,,-00.000005080000,   9.60000,
,,,-00.000005040000,  10.40000,
,,,-00.000005000000,   9.60000,
,,,-00.000004960000,  10.40000,
,,,-00.000004920000,   9.60000,
,,,-00.000004880000,  10.40000,
,,,-00.000004840000,  11.20000,
,,,-00.000004800000,   9.60000,
,,,-00.000004760000,  11.20000,
,,,-00.000004720000,  10.40000,
,,,-00.000004680000,  10.40000,
,,,-00.000004640000,   9.60000,
,,,-00.000004600000,  10.40000,
,,,-00.000004560000,  10.40000,
,,,-00.000004520000,  10.40000,
,,,-00.000004480000,  10.40000,
,,,-00.000004440000,  11.20000,
,,,-00.000004400000,  11.20000,
,,,-00.000004360000,  11.20000,
,,,-00.000004320000,  10.40000,
,,,-00.000004280000,  12.00000,
,,,-00.000004240000,  11.20000,
,,,-00.000004200000,  12.00000,
,,,-00.000004160000,  12.00000,
,,,-00.000004120000,  12.00000,
,,,-00.000004080000,  12.80000,
,,,-00.000004040000,  11.20000,
,,,-00.000004000000,  11.20000,
,,,-00.000003960000,  12.00000,
,,,-00.000003920000,  12.80000,
,,,-00.000003880000,  12.80000,
,,,-00.000003840000,  12.00000,
,,,-00.000003800000,  12.80000,
,,,-00.000003760000,  12.00000,
,,,-00.000003720000,  13.60000,
,,,-00.000003680000,  12.00000,
,,,-00.000003640000,  12.80000,
,,,-00.000003600000,  12.00000,
,,,-00.000003560000,  11.20000,
,,,-00.000003520000,  12.80000,
,,,-00.000003480000,  12.00000,
,,,-00.000003440000,  12.00000,
,,,-00.000003400000,  12.00000,
,,,-00.000003360000,  12.80000,
,,,-00.000003320000,  11.20000,
,,,-00.000003280000,  12.80000,
,,,-00.000003240000,  12.00000,
,,,-00.000003200000,  12.80000,
,,,-00.000003160000,  12.80000,
,,,-00.000003120000,  12.00000,
,,,-00.000003080000,  12.80000,
,,,-00.000003040000,  12.80000,
,,,-00.000003000000,  12.00000,
,,,-00.000002960000,  12.80000,
,,,-00.000002920000,  12.00000,
,,,-00.000002880000,  12.80000,
,,,-00.000002840000,  12.00000,
,,,-00.000002800000,  12.00000,
,,,-00.000002760000,  12.80000,
,,,-00.000002720000,  12.00000,
,,,-00.000002680000,  13.60000,
,,,-00.000002640000,  12.00000,
,,,-00.000002600000,  11.20000,
,,,-00.000002560000,  12.80000,
,,,-00.000002520000,  11.20000,
,,,-00.000002480000,  11.20000,
,,,-00.000002440000,  12.00000,
,,,-00.000002400000,  12.80000,
,,,-00.000002360000,  12.00000,
,,,-00.000002320000,  12.00000,
,,,-00.000002280000,  10.40000,
,,,-00.000002240000,  11.20000,
,,,-00.000002200000,  12.00000,
,,,-00.000002160000,  11.20000,
,,,-00.000002120000,  11.20000,
,,,-00.000002080000,  12.00000,
,,,-00.000002040000,  12.00000,
,,,-00.000002000000,  12.00000,
,,,-00.000001960000,  12.00000,
,,,-00.000001920000,  11.20000,
,,,-00.000001880000,  11.20000,
,,,-00.000001840000,  11.20000,
,,,-00.000001800000,  12.00000,
,,,-00.000001760000,  11.20000,
,,,-00.000001720000,  11.20000,
,,,-00.000001680000,  11.20000,
,,,-00.000001640000,  11.20000,
,,,-00.000001600000,  12.00000,
,,,-00.000001560000,  11.20000,
,,,-00.000001520000,  11.20000,
,,,-00.000001480000,  10.40000,
,,,-00.000001440000,  10.40000,
,,,-00.000001400000,  10.40000,
,,,-00.000001360000,  11.20000,
,,,-00.000001320000,   9.60000,
,,,-00.000001280000,  10.40000,
,,,-00.000001240000,   9.60000,
,,,-00.000001200000,  10.40000,
,,,-00.000001160000,  10.40000,
,,,-00.000001120000,   8.80000,
,,,-00.000001080000,   9.60000,
,,,-00.000001040000,   8.80000,
,,,-00.000001000000,  10.40000,
,,,-00.000000960000,   9.60000,
,,,-00.000000920000,   9.60000,
,,,-00.000000880000,  10.40000,
,,,-00.000000840000,   8.80000,
,,,-00.000000800000,   9.60000,
,,,-00.000000760000,   9.60000,
,,,-00.000000720000,   8.80000,
,,,-00.000000680000,   9.60000,
,,,-00.000000640000,   8.80000,
,,,-00.000000600000,   8.00000,
,,,-00.000000560000,   8.80000,
,,,-00.000000520000,   8.80000,
,,,-00.000000480000,   8.00000,
,,,-00.000000440000,   8.00000,
,,,-00.000000400000,   8.00000,
,,,-00.000000360000,   8.00000,
,,,-00.000000320000,   8.80000,
,,,-00.000000280000,   8.00000,
,,,-00.000000240000,   7.20000,
,,,-00.000000200000,   7.20000,
,,,-00.000000160000,   8.80000,
,,,-00.000000120000,   7.20000,
,,,-00.000000080000,   7.20000,
,,,-00.000000040000,   6.40000,
,,,-00.000000000000,   7.20000,
,,,00.000000040000,   7.20000,
,,,00.000000080000,   6.40000,
,,,00.000000120000,   6.40000,
,,,00.000000160000,   6.40000,
,,,00.000000200000,   6.40000,
,,,00.000000240000,   7.20000,
,,,00.000000280000,   6.40000,
,,,00.000000320000,   6.40000,
,,,00.000000360000,   5.60000,
,,,00.000000400000,   5.60000,
,,,00.000000440000,   5.60000,
,,,00.000000480000,   4.80000,
,,,00.000000520000,   5.60000,
,,,00.000000560000,   5.60000,
,,,00.000000600000,   5.60000,
,,,00.000000640000,   4.80000,
,,,00.000000680000,   4.80000,
,,,00.000000720000,   4.80000,
,,,00.000000760000,   4.80000,
,,,00.000000800000,   4.80000,
,,,00.000000840000,   4.80000,
,,,00.000000880000,   4.00000,
,,,00.000000920000,   4.00000,
,,,00.000000960000,   4.00000,
,,,00.000001000000,   4.80000,
,,,00.000001040000,   4.80000,
,,,00.000001080000,   4.00000,
,,,00.000001120000,   3.20000,
,,,00.000001160000,   3.20000,
,,,00.000001200000,   4.00000,
,,,00.000001240000,   3.20000,
,,,00.000001280000,   4.00000,
,,,00.000001320000,   3.20000,
,,,00.000001360000,   3.20000,
,,,00.000001400000,   3.20000,
,,,00.000001440000,   2.40000,
,,,00.000001480000,   1.60000,
,,,00.000001520000,   1.60000,
,,,00.000001560000,   2.40000,
,,,00.000001600000,   2.40000,
,,,00.000001640000,   2.40000,
,,,00.000001680000,   0.80000,
,,,00.000001720000,   2.40000,
,,,00.000001760000,   1.60000,
,,,00.000001800000,   1.60000,
,,,00.000001840000,   1.60000,
,,,00.000001880000,   0.80000,
,,,00.000001920000,   0.80000,
,,,00.000001960000,   0.80000,
,,,00.000002000000,   1.60000,
,,,00.000002040000,   1.60000,
,,,00.000002080000,   0.00000,
,,,00.000002120000,   0.00000,
,,,00.000002160000,   0.80000,
,,,00.000002200000,  -0.80000,
,,,00.000002240000,   0.80000,
,,,00.000002280000,   0.00000,
,,,00.000002320000,   0.00000,
,,,00.000002360000,   0.80000,
,,,00.000002400000,  -0.80000,
,,,00.000002440000,   0.00000,
,,,00.000002480000,  -0.80000,
,,,00.000002520000,  -1.60000,
,,,00.000002560000,  -1.60000,
,,,00.000002600000,   0.00000,
,,,00.000002640000,  -0.80000,
,,,00.000002680000,  -2.40000,
,,,00.000002720000,  -1.60000,
,,,00.000002760000,  -1.60000,
,,,00.000002800000,  -1.60000,
,,,00.000002840000,  -2.40000,
,,,00.000002880000,  -1.60000,
,,,00.000002920000,  -2.40000,
,,,00.000002960000,  -2.40000,
,,,00.000003000000,  -3.20000,
,,,00.000003040000,  -2.40000,
,,,00.000003080000,  -2.40000,
,,,00.000003120000,  -2.40000,
,,,00.000003160000,  -2.40000,
,,,00.000003200000,  -4.00000,
,,,00.000003240000,  -3.20000,
,,,00.000003280000,  -4.00000,
,,,00.000003320000,  -3.20000,
,,,00.000003360000,  -4.00000,
,,,00.000003400000,  -4.00000,
,,,00.000003440000,  -4.80000,
,,,00.000003480000,  -4.00000,
,,,00.000003520000,  -3.20000,
,,,00.000003560000,  -4.00000,
,,,00.000003600000,  -4.80000,
,,,00.000003640000,  -4.00000,
,,,00.000003680000,  -4.80000,
,,,00.000003720000,  -4.80000,
,,,00.000003760000,  -5.60000,
,,,00.000003800000,  -4.80000,
,,,00.000003840000,  -5.60000,
,,,00.000003880000,  -5.60000,
,,,00.000003920000,  -5.60000,
,,,00.000003960000,  -6.40000,
,,,00.000004000000,  -6.40000,
,,,00.000004040000,  -4.80000,
,,,00.000004080000,  -5.60000,
,,,00.000004120000,  -5.60000,
,,,00.000004160000,  -5.60000,
,,,00.000004200000,  -5.60000,
,,,00.000004240000,  -6.40000,
,,,00.000004280000,  -7.20000,
,,,00.000004320000,  -6.40000,
,,,00.000004360000,  -7.20000,
,,,00.000004400000,  -6.40000,
,,,00.000004440000,  -7.20000,
,,,00.000004480000,  -6.40000,
,,,00.000004520000,  -8.00000,
,,,00.000004560000,  -7.20000,
,,,00.000004600000,  -7.20000,
,,,00.000004640000,  -7.20000,
,,,00.000004680000,  -7.20000,
,,,00.000004720000,  -7.20000,
,,,00.000004760000,  -8.00000,
,,,00.000004800000,  -8.00000,
,,,00.000004840000,  -8.00000,
,,,00.000004880000,  -7.20000,
,,,00.000004920000,  -8.80000,
,,,00.000004960000,  -8.80000,
,,,00.000005000000,  -8.00000,
,,,00.000005040000,  -8.00000,
,,,00.000005080000,  -8.80000,
,,,00.000005120000,  -9.60000,
,,,00.000005160000,  -8.80000,
,,,00.000005200000,  -9.60000,
,,,00.000005240000,  -8.00000,
,,,00.000005280000, -10.40000,
,,,00.000005320000,  -8.80000,
,,,00.000005360000,  -9.60000,
,,,00.000005400000,  -9.60000,
,,,00.000005440000,  -9.60000,
,,,00.000005480000, -10.40000,
,,,00.000005520000, -10.40000,
,,,00.000005560000, -10.40000,
,,,00.000005600000, -10.40000,
,,,00.000005640000,  -9.60000,
,,,00.000005680000,  -9.60000,
,,,00.000005720000, -10.40000,
,,,00.000005760000, -10.40000,
,,,00.000005800000, -11.20000,
,,,00.000005840000, -10.40000,
,,,00.000005880000, -11.20000,
,,,00.000005920000, -11.20000,
,,,00.000005960000, -11.20000,
,,,00.000006000000, -11.20000,
,,,00.000006040000, -12.00000,
,,,00.000006080000, -11.20000,
,,,00.000006120000, -10.40000,
,,,00.000006160000, -11.20000,
,,,00.000006200000, -11.20000,
,,,00.000006240000, -12.00000,
,,,00.000006280000, -12.00000,
,,,00.000006320000, -11.20000,
,,,00.000006360000, -12.00000,
,,,00.000006400000, -12.00000,
,,,00.000006440000, -12.00000,
,,,00.000006480000, -12.80000,
,,,00.000006520000, -12.80000,
,,,00.000006560000, -12.00000,
,,,00.000006600000, -12.80000,
,,,00.000006640000, -12.80000,
,,,00.000006680000, -12.80000,
,,,00.000006720000, -12.80000,
,,,00.000006760000, -12.80000,
,,,00.000006800000, -12.80000,
,,,00.000006840000, -13.60000,
,,,00.000006880000, -12.80000,
,,,00.000006920000, -12.00000,
,,,00.000006960000, -12.80000,
,,,00.000007000000, -13.60000,
,,,00.000007040000, -12.80000,
,,,00.000007080000, -12.80000,
,,,00.000007120000, -12.00000,
,,,00.000007160000, -12.80000,
,,,00.000007200000, -12.80000,
,,,00.000007240000, -13.60000,
,,,00.000007280000, -13.60000,
,,,00.000007320000, -13.60000,
,,,00.000007360000, -12.00000,
,,,00.000007400000, -12.80000,
,,,00.000007440000, -12.80000,
,,,00.000007480000, -13.60000,
,,,00.000007520000, -13.60000,
,,,00.000007560000, -12.80000,
,,,00.000007600000, -12.80000,
,,,00.000007640000, -12.00000,
,,,00.000007680000, -11.20000,
,,,00.000007720000, -12.80000,
,,,00.000007760000, -12.00000,
,,,00.000007800000, -12.80000,
,,,00.000007840000, -12.80000,
,,,00.000007880000, -13.60000,
,,,00.000007920000, -12.00000,
,,,00.000007960000, -12.80000,
,,,00.000008000000, -11.20000,
,,,00.000008040000, -12.80000,
,,,00.000008080000, -12.80000,
,,,00.000008120000, -11.20000,
,,,00.000008160000, -12.00000,
,,,00.000008200000, -12.00000,
,,,00.000008240000, -12.80000,
,,,00.000008280000, -12.00000,
,,,00.000008320000, -11.20000,
,,,00.000008360000, -11.20000,
,,,00.000008400000, -12.00000,
,,,00.000008440000, -12.00000,
,,,00.000008480000, -12.00000,
,,,00.000008520000, -12.00000,
,,,00.000008560000, -11.20000,
,,,00.000008600000, -11.20000,
,,,00.000008640000, -11.20000,
,,,00.000008680000, -12.00000,
,,,00.000008720000, -11.20000,
,,,00.000008760000, -11.20000,
,,,00.000008800000, -10.40000,
,,,00.000008840000, -10.40000,
,,,00.000008880000, -11.20000,
,,,00.000008920000, -10.40000,
,,,00.000008960000, -11.20000,
,,,00.000009000000, -10.40000,
,,,00.000009040000, -10.40000,
,,,00.000009080000, -10.40000,
,,,00.000009120000,  -9.60000,
,,,00.000009160000, -10.40000,
,,,00.000009200000,  -8.80000,
,,,00.000009240000, -10.40000,
,,,00.000009280000,  -9.60000,
,,,00.000009320000,  -9.60000,
,,,00.000009360000,  -9.60000,
,,,00.000009400000,  -8.80000,
,,,00.000009440000,  -8.80000,
,,,00.000009480000,  -8.80000,
,,,00.000009520000,  -9.60000,
,,,00.000009560000,  -9.60000,
,,,00.000009600000,  -8.80000,
,,,00.000009640000,  -8.80000,
,,,00.000009680000,  -8.00000,
,,,00.000009720000,  -8.80000,
,,,00.000009760000,  -8.80000,
,,,00.000009800000,  -8.80000,
,,,00.000009840000,  -8.80000,
,,,00.000009880000,  -8.00000,
,,,00.000009920000,  -8.00000,
,,,00.000009960000,  -8.00000,
